date,optimizedMa,benchmark
2014-01-03,0.9989461988545709,0.9981870230116202
2014-01-06,0.9989557213997746,0.9990749928598303
2014-01-07,1.0012797098805093,1.0021916588665443
2014-01-08,0.9953265808744446,0.9961244458590347
2014-01-09,0.9955348169709813,0.9961239965545649
2014-01-10,1.0062342553968893,1.0075773752475683
2014-01-13,1.00068101206164,1.001772420721719
2014-01-14,1.0043071713682983,1.0041327858435727
2014-01-15,1.0100811094194013,1.0081254754786682
2014-01-16,1.0105607823868925,1.0085923670760517
2014-01-17,1.0098363701340485,1.0086991525504965
2014-01-21,1.0116234631454568,1.011525596582192
2014-01-22,1.0152209146973314,1.0146954506182337
2014-01-23,1.0153596987024767,1.0132122448899885
2014-01-24,1.0070210985867925,1.0057750739611473
2014-01-27,0.9975020930729003,0.9968867062231384
2014-01-28,1.0065580541940227,1.005399585847368
2014-01-29,1.0066983247624863,1.004594594247491
2014-01-30,1.0107260542515484,1.0086304492542026
2014-01-31,1.009734796673866,1.0029673150463299
2014-02-03,1.003648557577287,0.9967348385935464
2014-02-04,1.008208536610831,0.999538927391054
2014-02-05,1.0046050774820694,0.9966663211107719
2014-02-06,1.0109143142831651,1.0064433640482342
2014-02-07,1.0234469169501177,1.0197218058046267
2014-02-10,1.0230068266149492,1.0180212742289667
2014-02-11,1.0285163751194601,1.0236627415311232
2014-02-12,1.0280934801324848,1.0230391646301717
2014-02-13,1.0346524988171888,1.030083595590003
2014-02-14,1.0378075081724742,1.0327940645675588
2014-02-18,1.0484463905439483,1.0422426518927126
2014-02-19,1.0466761001184595,1.0396531817702406
2014-02-20,1.0479392758423636,1.0416935597516586
2014-02-21,1.0495913751561936,1.0410107377190576
2014-02-24,1.0532095934771772,1.045726285800867
2014-02-25,1.05443536349909,1.0453374404994862
2014-02-26,1.0565741727001157,1.0472567096699934
2014-02-27,1.0608753844849825,1.0496102253550972
2014-02-28,1.0624118143773205,1.0525636150448634
2014-03-03,1.0680661375588814,1.0566162307472553
2014-03-04,1.0681461088447461,1.056230869353761
2014-03-05,1.0656783417918982,1.0518530261837777
2014-03-06,1.0684135605423994,1.055372330110063
2014-03-07,1.0637175553773108,1.0512458392385966
2014-03-10,1.0602847649188378,1.046173924283844
2014-03-11,1.05435500743694,1.0417760646094876
2014-03-12,1.0540956995235204,1.0421984777503184
2014-03-13,1.0502771445741053,1.0360302251437346
2014-03-14,1.050668909777962,1.037119896292878
2014-03-17,1.0504386375996486,1.0372027528380523
2014-03-18,1.0597205953000925,1.045459169478018
2014-03-19,1.0477010813834897,1.0327723431173053
2014-03-20,1.0440033191193392,1.031303101436117
2014-03-21,1.0460783736187367,1.033773787550824
2014-03-24,1.046461818577731,1.0345195874812363
2014-03-25,1.049425223694172,1.038401824066948
2014-03-26,1.053022069570897,1.0407460843581604
2014-03-27,1.0589348834880274,1.0466341332797644
2014-03-28,1.0607721920145352,1.0487363286562228
2014-03-31,1.063583527199817,1.0524459649682028
2014-04-01,1.0592942143468143,1.0472735690578314
2014-04-02,1.0579300241381535,1.0447660775407754
2014-04-03,1.0604000330300898,1.0485529506967994
2014-04-04,1.0632270798579675,1.0509704779240212
2014-04-07,1.0608588598812918,1.047424723852739
2014-04-08,1.0678660534777082,1.0552924727666573
2014-04-09,1.0766113839827904,1.0637921893089908
2014-04-10,1.0698657118135135,1.0565690425957888
2014-04-11,1.0669720241968756,1.0536861897924543
2014-04-14,1.0718209952053666,1.0607704202968018
2014-04-15,1.0720399400517828,1.0624431612271317
2014-04-16,1.0784076521752295,1.070430036318486
2014-04-17,1.0806984740038517,1.0702462560735162
2014-04-21,1.079791916087307,1.0700364143744794
2014-04-22,1.079329780707665,1.0704142997458972
2014-04-23,1.0803014722351227,1.069980150666337
2014-04-24,1.0826008424642968,1.0747020415954769
2014-04-25,1.075106867164685,1.068462966031048
2014-04-28,1.074721257668289,1.0666548428224167
2014-04-29,1.079305422770656,1.0722561498334164
2014-04-30,1.0800560462035793,1.074572140409858
2014-05-01,1.081670002220331,1.0759241959676034
2014-05-02,1.0842657465114698,1.077888133740643
2014-05-05,1.083172427788148,1.0748212022664771
2014-05-06,1.0808551684926613,1.072633831542835
2014-05-07,1.0845800724501686,1.0768854313512175
2014-05-08,1.0832939559059722,1.076661162709251
2014-05-09,1.0813807392426285,1.074099707434574
2014-05-12,1.0867325611905123,1.0788684173808154
2014-05-13,1.092892315168075,1.084935483326734
2014-05-14,1.097705041738783,1.088726598711325
2014-05-15,1.0957876765781194,1.0875992033668174
2014-05-16,1.096866771083165,1.0891553747133016
2014-05-19,1.0981000697318692,1.0880934273940066
2014-05-20,1.0964808619273771,1.0865075722925117
2014-05-21,1.1025045462359881,1.0917369860621735
2014-05-22,1.1051057815055174,1.0928549304478312
2014-05-23,1.1099345692188607,1.097077812735836
2014-05-27,1.111179516117378,1.098234108640621
2014-05-28,1.112875823535275,1.1006974876984326
2014-05-29,1.1170654452132984,1.1042327933520995
2014-05-30,1.1124077876189038,1.1000768745683196
2014-06-02,1.107830192350021,1.09471262256273
2014-06-03,1.1035837919174831,1.092318550260023
2014-06-04,1.1015751062315484,1.0882102184785818
2014-06-05,1.108641881583971,1.09581589208647
2014-06-06,1.113115803022945,1.0985699592379177
2014-06-09,1.1162246449474953,1.1002787297601149
2014-06-10,1.1149107927119006,1.0987591435125355
2014-06-11,1.1139990545505345,1.0965429846336363
2014-06-12,1.1206365725112266,1.1063565142370477
2014-06-13,1.122523163392128,1.1064620494487099
2014-06-16,1.1216527165580186,1.1068563333326549
2014-06-17,1.1194225567643352,1.105521203449434
2014-06-18,1.1286867503371696,1.1154088464557692
2014-06-19,1.1318493224489206,1.1176564118125283
2014-06-20,1.137037221477395,1.1214112362205213
2014-06-23,1.1337018783002037,1.1179826099911478
2014-06-24,1.1343115082273922,1.1181740372434472
2014-06-25,1.1394345294618164,1.1207027537009082
2014-06-26,1.1393248094975206,1.1222980856408495
2014-06-27,1.1392349233357169,1.123653564749593
2014-06-30,1.13772087955491,1.1214497243630694
2014-07-01,1.1383542033888825,1.121933337416215
2014-07-02,1.1316644660257664,1.1149611707690594
2014-07-03,1.1331031913619172,1.1165764967731926
2014-07-07,1.1293670921025338,1.1122370569581503
2014-07-08,1.128441041664713,1.1088716281710664
2014-07-09,1.1286533198196416,1.1086615133024555
2014-07-10,1.12497978357996,1.1067040196972562
2014-07-11,1.1220651235007726,1.1026892267232589
2014-07-14,1.1243169850861154,1.1062214286810061
2014-07-15,1.1172183541906904,1.0997101889246426
2014-07-16,1.1224344175872563,1.104504417467424
2014-07-17,1.1245915012077567,1.104806096763092
2014-07-18,1.1275692298803983,1.106581894058135
2014-07-21,1.1302524694151614,1.1083384972925319
2014-07-22,1.132389470282362,1.1096275970312954
2014-07-23,1.1360992104380983,1.1132098943527666
2014-07-24,1.1310961059296902,1.1077836279840525
2014-07-25,1.1326498024999887,1.1112805963362946
2014-07-28,1.132050241482286,1.1100024452762052
2014-07-29,1.1290522143396355,1.1077788583691885
2014-07-30,1.1201321262996233,1.0986256153954568
2014-07-31,1.1055070266936793,1.085337573343537
2014-08-01,1.1072225738431734,1.0828457222811276
2014-08-04,1.1122168682422724,1.0893458144463648
2014-08-05,1.1042462533906892,1.0805117657672867
2014-08-06,1.1041232675096588,1.0812840735970648
2014-08-07,1.1039958965791827,1.0822699890466634
2014-08-08,1.1076692349867634,1.0846026499915298
2014-08-11,1.1126239506197504,1.0883942629220142
2014-08-12,1.1070407444928505,1.0816776273209232
2014-08-13,1.1127177117037261,1.088684896462222
2014-08-14,1.110043561442623,1.0848514092792938
2014-08-15,1.114832570739659,1.090733218954239
2014-08-18,1.1131504530978054,1.0873450194793761
2014-08-19,1.1101848316347955,1.086195430743916
2014-08-20,1.1087816370476513,1.0860679884568054
2014-08-21,1.1138837541520932,1.0916180900568562
2014-08-22,1.1112593631222,1.0886120014303777
2014-08-25,1.1150134325490906,1.093127239361383
2014-08-26,1.1189902439113035,1.0945192356605977
2014-08-27,1.1210514277866552,1.0978643301005269
2014-08-28,1.124634647011117,1.099709676925411
2014-08-29,1.1281276283061168,1.1038712883821038
2014-09-02,1.1171131159738146,1.0900686249128886
2014-09-03,1.124582522188774,1.098807281781561
2014-09-04,1.1192404349096947,1.0927040930269285
2014-09-05,1.1186735539449866,1.0921128460398013
2014-09-08,1.1116256573647931,1.0844721297577744
2014-09-09,1.104771437302351,1.0770444589650556
2014-09-10,1.0992299132629468,1.0718572250391405
2014-09-11,1.0995715585163348,1.0692821421444747
2014-09-12,1.0895206148425784,1.0600015161600913
2014-09-15,1.0903556584044756,1.0601368422861754
2014-09-16,1.0988975827658936,1.0678725230643284
2014-09-17,1.0915309384506435,1.0609343022133888
2014-09-18,1.0887006782900168,1.0583146583670289
2014-09-19,1.0878255864460742,1.0595011757417296
2014-09-22,1.0811953704288115,1.052161454625427
2014-09-23,1.0817936157807875,1.0516119643531572
2014-09-24,1.0909061597842455,1.0566724068986317
2014-09-25,1.0836366435233349,1.049837532114396
2014-09-26,1.0878990968271751,1.053287853347967
2014-09-29,1.089641469017083,1.054081649197376
2014-09-30,1.079108405281264,1.0443364067478034
2014-10-01,1.0778674249939006,1.043458854475436
2014-10-02,1.07630897236174,1.0388212427147858
2014-10-03,1.0754874090697284,1.0357374801092174
2014-10-06,1.0824672585369273,1.0434151076312743
2014-10-07,1.0754635584663697,1.0359566121432457
2014-10-08,1.0854065963408843,1.046409688771665
2014-10-09,1.0673533782827296,1.025511426900677
2014-10-10,1.0623832036525562,1.0200847559092083
2014-10-13,1.061185755275731,1.0180994772450314
2014-10-14,1.0561726048374305,1.011101840782789
2014-10-15,1.0502684730575311,1.0048027496004748
2014-10-16,1.0514455608998639,1.0063762148234605
2014-10-17,1.0561271566129928,1.014433690927264
2014-10-20,1.059301841504959,1.016293904397012
2014-10-21,1.0675790435644392,1.0242722979211711
2014-10-22,1.0564296770309745,1.0142054114711145
2014-10-23,1.0620892636046342,1.023395027288603
2014-10-24,1.0630028792533992,1.0237879731583792
2014-10-27,1.058960154233617,1.020111210167754
2014-10-28,1.0667702865576159,1.0281536154566153
2014-10-29,1.0669175526019357,1.029186062335346
2014-10-30,1.066546785801383,1.030085463707185
2014-10-31,1.0726317838270687,1.0366918363425628
2014-11-03,1.0649931223583755,1.0277890864786652
2014-11-04,1.0582596530528376,1.0197569178299393
2014-11-05,1.063019193492197,1.0256047946977946
2014-11-06,1.059763850895199,1.0220831269029307
2014-11-07,1.0673413437032093,1.0307020082491254
2014-11-10,1.0617828217835286,1.0245540036297163
2014-11-11,1.0651100397593727,1.026822214131127
2014-11-12,1.0614023902571035,1.0218876931349234
2014-11-13,1.054668364415144,1.014116248949159
2014-11-14,1.063408616042458,1.0221539015501977
2014-11-17,1.0587314874848164,1.018022566467781
2014-11-18,1.0592678778417925,1.0191235766926032
2014-11-19,1.0548506328863039,1.0137085377050064
2014-11-20,1.061575525709235,1.0205335106346387
2014-11-21,1.072754658192711,1.0306977038043552
2014-11-24,1.070844061097143,1.027693574145613
2014-11-25,1.068555165731698,1.0257102608757152
2014-11-26,1.0692660092713995,1.0267720791732182
2014-11-28,1.046474923273248,1.0053747796733474
2014-12-01,1.0495100714680452,1.0059650540221041
2014-12-02,1.0391208459452146,0.9944214931926283
2014-12-03,1.0402031457782612,0.9929939932059855
2014-12-04,1.037309678294704,0.9928588739389091
2014-12-05,1.0332104282960464,0.9853200211792787
2014-12-08,1.0207577007864288,0.9732970877224176
2014-12-09,1.026960420214949,0.9772263550077631
2014-12-10,1.0126503400717632,0.9639110970410242
2014-12-11,1.0066419547096213,0.9588320723396038
2014-12-12,0.9945243714912965,0.9483129468052662
2014-12-15,0.9759984339020389,0.9324530897874863
2014-12-16,0.9780566611224484,0.9328314393272573
2014-12-17,0.9860896041180065,0.9399566254340466
2014-12-18,0.9881898099457181,0.9428551227807751
2014-12-19,1.0039988908914745,0.9572554918814001
2014-12-22,0.995496875882039,0.950188050248298
2014-12-23,0.9963119771385227,0.9500783644354146
2014-12-24,0.9904580657390286,0.9434497554689494
2014-12-26,0.9909162078983043,0.9448739782823915
2014-12-29,0.9877007092366363,0.9402775284861815
2014-12-30,0.985749858724011,0.9370950091119995
2014-12-31,0.9821491913662305,0.9342605042197162
2015-01-02,0.9807311595991993,0.9309281030452272
2015-01-05,0.9648721274366974,0.9131293459417053
2015-01-06,0.955688116413031,0.9042278855415453
2015-01-07,0.9651075800208709,0.9089970005025356
2015-01-08,0.9727997151318608,0.9156285385872007
2015-01-09,0.9690466666857012,0.9115065159570466
2015-01-12,0.9564839520027041,0.8993099671494696
2015-01-13,0.9593019985065129,0.8964906725872156
2015-01-14,0.9696169935493102,0.9047336188013935
2015-01-15,0.9654108267843131,0.9028576892831499
2015-01-16,0.9775090519681807,0.9119246400208638
2015-01-20,0.9698899369133118,0.9058730351484228
2015-01-21,0.9736951708715668,0.9092633097488122
2015-01-22,0.9761840960114877,0.9120170380255637
2015-01-23,0.9734863657853107,0.9095462764036234
2015-01-26,0.9727300552455753,0.9101719111777788
2015-01-27,0.9742884303851909,0.911804902285453
2015-01-28,0.9643282709866973,0.9041268775853276
2015-01-29,0.9661032755084721,0.9073784798951972
2015-01-30,0.9783675297332776,0.9195761020169374
2015-02-02,0.989583486197007,0.9329038065423069
2015-02-03,1.0065860755566944,0.9489378993168097
2015-02-04,0.9917169145688141,0.9350346453039649
2015-02-05,1.0017274367854645,0.9444502818208425
2015-02-06,0.9950549821655871,0.9389156158190087
2015-02-09,0.9964518168818065,0.9400902138275048
2015-02-10,0.9886001429183842,0.9351602704951568
2015-02-11,0.9824842768569303,0.9277360675844346
2015-02-12,0.9952496078794436,0.9415135066950873
2015-02-13,1.0028819632747166,0.9508281313292462
2015-02-17,0.9985421322352018,0.9473274829359531
2015-02-18,0.997458517409359,0.945110938865958
2015-02-19,0.9948685670074165,0.9440036563379989
2015-02-20,0.9926920660450718,0.9448665505323898
2015-02-23,0.9864816321030003,0.940387669204827
2015-02-24,0.9935323401128576,0.9468752881917967
2015-02-25,1.0008186090555902,0.957417512530752
2015-02-26,0.9924454685755932,0.9495193143131561
2015-02-27,0.9971939336576742,0.9560553773863171
2015-03-02,0.9934313577224579,0.9468228552388355
2015-03-03,0.9919279650312763,0.9469588747650898
2015-03-04,0.9967410918602031,0.9462972727916854
2015-03-05,0.9937274233709995,0.9440966509199379
2015-03-06,0.9726891981317938,0.9247871051204868
2015-03-09,0.9746338571824611,0.9252245780561795
2015-03-10,0.9637810769543285,0.9126286014619263
2015-03-11,0.9663452064115363,0.915891200930023
2015-03-12,0.9666046094519274,0.9170644552209373
2015-03-13,0.9531777542028351,0.9017346883108023
2015-03-16,0.9556404547598166,0.9068408132566684
2015-03-17,0.9500278880565245,0.9027469988873318
2015-03-18,0.9787548066307079,0.9331975608298844
2015-03-19,0.9646685629847425,0.917973789716839
2015-03-20,0.979090520868113,0.9325670309428652
2015-03-23,0.9841019048659616,0.9386319265965677
2015-03-24,0.9865892870155668,0.9379039439322037
2015-03-25,0.9851095547765689,0.935585302328435
2015-03-26,0.9884522980140925,0.9376623457969504
2015-03-27,0.9780573114443277,0.9278326390419058
2015-03-30,0.9834969654999108,0.9320352653316669
2015-03-31,0.9760340032388892,0.9247618967381821
2015-04-01,0.9933495305082368,0.9393640980111823
2015-04-02,0.9948203106401526,0.9372478624015026
2015-04-06,1.0114482524242525,0.9515856353348179
2015-04-07,1.018191764111195,0.9566469684801392
2015-04-08,1.0076693655530742,0.946547922266394
2015-04-09,1.0055587965713497,0.9451632493216394
2015-04-10,1.011116531783091,0.9516931760094739
2015-04-13,1.0096194210078147,0.9501000326943505
2015-04-14,1.0164106306928262,0.9575033722206455
2015-04-15,1.031471067512969,0.9731708135160101
2015-04-16,1.0356309345612669,0.9783835330568919
2015-04-17,1.0306634180591827,0.9732027141731684
2015-04-20,1.030379769954355,0.972418409105928
2015-04-21,1.0255496899299803,0.9674499987201488
2015-04-22,1.0219626035149976,0.9661430416948226
2015-04-23,1.0308984374003927,0.9778146411261105
2015-04-24,1.033676387261945,0.9827730166927312
2015-04-27,1.0322060807914986,0.9812499309279159
2015-04-28,1.028968125601722,0.9780837285708447
2015-04-29,1.028496554602843,0.9781477675554345
2015-04-30,1.0269452991109072,0.9782341610165236
2015-05-01,1.0256690882094843,0.9792105755241372
2015-05-04,1.023632218694243,0.9766255221962209
2015-05-05,1.0221294507711731,0.975510994885327
2015-05-06,1.0148842533711617,0.9688092615146475
2015-05-07,1.011642507500707,0.9632914167380332
2015-05-08,1.0277341336436252,0.977455613749457
2015-05-11,1.015486793801927,0.9644448426743041
2015-05-12,1.0192478046319036,0.9697573234918768
2015-05-13,1.0185142751877174,0.9696706530333052
2015-05-14,1.0270297252329759,0.9775286659733675
2015-05-15,1.0338960769940555,0.984457064290594
2015-05-18,1.029558664811702,0.9766590602071863
2015-05-19,1.0153120041361166,0.9624754459282989
2015-05-20,1.0193082217825522,0.9659126803425233
2015-05-21,1.0309286066049925,0.9787299801730965
2015-05-22,1.0262321839430302,0.9712811260631671
2015-05-26,1.0143037389937966,0.9586757319910286
2015-05-27,1.0154435487942457,0.9570896513318712
2015-05-28,1.01409460175713,0.9582514659946075
2015-05-29,1.0183595655575441,0.9632351416298618
2015-06-01,1.0160766271541544,0.9592068092457159
2015-06-02,1.016434907531307,0.9605224147020556
2015-06-03,1.0057461545907598,0.9497795789374556
2015-06-04,0.9983742291096976,0.9426293660900246
2015-06-05,0.9949138177562729,0.9382094285871759
2015-06-08,0.9926646062072064,0.9368167063224797
2015-06-09,0.9945945472397457,0.9407995754066983
2015-06-10,1.0026493009834037,0.9489290957532123
2015-06-11,1.0059357891738645,0.9520146635660212
2015-06-12,0.9997096658846893,0.9437457996992599
2015-06-15,0.9974010631465778,0.9401758752504206
2015-06-16,1.004731655483273,0.9458747416142878
2015-06-17,1.0052260721296042,0.9468041982423506
2015-06-18,1.0097566617628357,0.9507616646573198
2015-06-19,1.0063235893394973,0.9462348272487987
2015-06-22,1.008922868370507,0.94804184184541
2015-06-23,1.0119072398076403,0.9524298688140507
2015-06-24,1.00797720114968,0.9466755829268709
2015-06-25,1.0040585849201487,0.9432389517549216
2015-06-26,1.0019729801611443,0.9412618351908391
2015-06-29,0.9929096526497453,0.9326289690900592
2015-06-30,0.9994654076404451,0.9396519892845259
2015-07-01,0.9904958009164241,0.9332585923985928
2015-07-02,0.9913036426184181,0.9356029382442554
2015-07-06,0.9767575810568155,0.9173747740177511
2015-07-07,0.9779583100431647,0.919083931302645
2015-07-08,0.964751617868025,0.9100393795295667
2015-07-09,0.9683481774715214,0.9145636773458287
2015-07-10,0.9729227032326629,0.9197115877700924
2015-07-13,0.9739732818147429,0.9189412339751609
2015-07-14,0.9800426712063554,0.9241119375267551
2015-07-15,0.9752381190454871,0.9192876130334322
2015-07-16,0.9770806336817491,0.9221782693248574
2015-07-17,0.9753507335138697,0.9208733944006587
2015-07-20,0.9665813541892829,0.913671386726954
2015-07-21,0.9691910096034002,0.916211959611841
2015-07-22,0.9602121636779141,0.907881281399677
2015-07-23,0.9560822795231335,0.9050786349050305
2015-07-24,0.947768546267816,0.8962157444472902
2015-07-27,0.9380542326694244,0.88586846906941
2015-07-28,0.9453445478129274,0.8931232563403528
2015-07-29,0.9530923242143515,0.8973996866991399
2015-07-30,0.9514389343872498,0.8964328502781986
2015-07-31,0.9493639809884108,0.8947943911627726
2015-08-03,0.9406897714101426,0.8858160856812308
2015-08-04,0.9385000580944856,0.8845361567622874
2015-08-05,0.9352632202701693,0.8821232542495092
2015-08-06,0.9313251640333612,0.8792063168172595
2015-08-07,0.9293648470455679,0.877674733043772
2015-08-10,0.9405126324777409,0.8901007300742512
2015-08-11,0.932544360006258,0.8824305773574584
2015-08-12,0.9264526642042241,0.8795766057940778
2015-08-13,0.9195079662346046,0.8738832521927656
2015-08-14,0.9182254250158869,0.8720249438648691
2015-08-17,0.9182221535032508,0.87207489936927
2015-08-18,0.9156350668388016,0.8673135490492923
2015-08-19,0.9056185043931957,0.8591469163119693
2015-08-20,0.8982958764742899,0.8509768704948865
2015-08-21,0.8822303497896496,0.8351259815287851
2015-08-24,0.8515060704850621,0.8075677599829034
2015-08-25,0.8518199827375885,0.8057199475111815
2015-08-26,0.8611907473754349,0.8142298201471041
2015-08-27,0.8919855056727157,0.8404842321365009
2015-08-28,0.904776566017582,0.8527028129927866
2015-08-31,0.9135335094097082,0.861592112583098
2015-09-01,0.8865383875156759,0.8329182451811238
2015-09-02,0.8950753299681463,0.8431812983515266
2015-09-03,0.9010286207220026,0.8475053403598206
2015-09-04,0.8907254475365896,0.8369144854305486
2015-09-08,0.8994406533915364,0.8459937945824484
2015-09-09,0.8893506609907216,0.8364237963735116
2015-09-10,0.8963634544404345,0.843083560867112
2015-09-11,0.8959991963468077,0.8435148615669104
2015-09-14,0.89144257470498,0.8365901791989485
2015-09-15,0.8924986451249876,0.8370022800966824
2015-09-16,0.9071584059145881,0.849023325737269
2015-09-17,0.9121205543623445,0.8526258493584928
2015-09-18,0.897291511698856,0.8378915126775845
2015-09-21,0.9007161020637777,0.8409545655147991
2015-09-22,0.8928702382398741,0.8342014534573522
2015-09-23,0.8842166554342895,0.8274654256161492
2015-09-24,0.8859273712019444,0.8288745895952667
2015-09-25,0.8865624527060745,0.8294575224625401
2015-09-28,0.8716360564524747,0.8160336650209788
2015-09-29,0.8761646235701267,0.8201993886726249
2015-09-30,0.8861707791742405,0.8303297567288878
2015-10-01,0.8869478492468276,0.8305904083386614
2015-10-02,0.9023408171710838,0.8426796269661474
2015-10-05,0.911472792465958,0.8518169064349929
2015-10-06,0.9236496897168726,0.8641211602736493
2015-10-07,0.9270085197995326,0.8662522510095829
2015-10-08,0.9349603865559908,0.873530706173963
2015-10-09,0.93403609727203,0.8726845329841426
2015-10-12,0.9283162904665968,0.8655715728224835
2015-10-13,0.9210362134914638,0.8579854544796163
2015-10-14,0.923534675792649,0.8622892159280621
2015-10-15,0.9297538667968025,0.8679003405407215
2015-10-16,0.9298155450944413,0.8673634735591731
2015-10-19,0.923665554434187,0.8599656856025744
2015-10-20,0.9209758527321706,0.8579907782605466
2015-10-21,0.9149598342932346,0.854411347041902
2015-10-22,0.9252256288679159,0.8628027844746828
2015-10-23,0.9244271322413353,0.8623346827514135
2015-10-26,0.9190861707187693,0.8577797439749791
2015-10-27,0.9155574610551769,0.8543940260011104
2015-10-28,0.9275672058417428,0.8645505558140449
2015-10-29,0.9199770055745905,0.8576933053270884
2015-10-30,0.9244743746107498,0.8622103195499883
2015-11-02,0.9269328359439301,0.8630715821106312
2015-11-03,0.93362898303141,0.8702950738469567
2015-11-04,0.9250511822663554,0.8609548226523229
2015-11-05,0.9187332687376518,0.8541061220145625
2015-11-06,0.9092305985728101,0.845925690600102
2015-11-09,0.8991232506394502,0.8370416623539069
2015-11-10,0.900385196914238,0.837221204861567
2015-11-11,0.8952062256207725,0.832132535844591
2015-11-12,0.8845395187685018,0.8219710345742561
2015-11-13,0.8774532923853098,0.8152476817733393
2015-11-16,0.8881945781360121,0.8228325417214195
2015-11-17,0.8839669739172705,0.8186601232439712
2015-11-18,0.8894457268652843,0.8243365318389446
2015-11-19,0.8911261074101942,0.826890319414733
2015-11-20,0.8923288477498516,0.8269715557708016
2015-11-23,0.8930950829279637,0.8278389105389153
2015-11-24,0.8987876495785213,0.8338028884367382
2015-11-25,0.8999847062334464,0.8342864174724162
2015-11-27,0.8929151520936924,0.8281601588216992
2015-11-30,0.8902176572442381,0.8244988664910099
2015-12-01,0.8986819282407084,0.8332161986848345
2015-12-02,0.8836131602455078,0.8193375616316362
2015-12-03,0.8762434599503608,0.813389923716905
2015-12-04,0.8822342044807572,0.8200659759314022
2015-12-07,0.866447164780191,0.8048545505492151
2015-12-08,0.8615373158176696,0.7984026518915556
2015-12-09,0.8553206482281199,0.795388704947899
2015-12-10,0.8515000445111476,0.7924117784537257
2015-12-11,0.8401661834977497,0.7825256043001722
2015-12-14,0.8372628339187222,0.7758184815172491
2015-12-15,0.8442036455970185,0.7814500279237548
2015-12-16,0.8427679896726216,0.7822095603393318
2015-12-17,0.8346642195300565,0.7753490477453147
2015-12-18,0.8314776336588574,0.773364438733559
2015-12-21,0.8334741710000868,0.7741246701135583
2015-12-22,0.8370351908227659,0.7755617478626493
2015-12-23,0.8518130065640982,0.7892625705059003
2015-12-24,0.8526369071673753,0.7902292917673645
2015-12-28,0.8459352996860108,0.7842042399118363
2015-12-29,0.8530851663088458,0.791336024985599
2015-12-30,0.8442974207645146,0.7835953912199881
2015-12-31,0.8450309144226945,0.7845846278261779
2016-01-04,0.8382431483067133,0.7762188027419248
2016-01-05,0.8340442805000741,0.7735347767145216
2016-01-06,0.8217956886946988,0.7617285168154875
2016-01-07,0.8087884881538573,0.749882549845478
2016-01-08,0.8044590117364757,0.7467033723434933
2016-01-11,0.7901907294731362,0.7337282761974525
2016-01-12,0.7926841908360186,0.7372871763132465
2016-01-13,0.7858515702471968,0.7295206210376529
2016-01-14,0.7919124102857465,0.7356244548222786
2016-01-15,0.7742780662451356,0.718303143902269
2016-01-19,0.770548667830257,0.7165347343635222
2016-01-20,0.760157779011392,0.7082597018117323
2016-01-21,0.7666079481979111,0.7143997143740919
2016-01-22,0.7909131440651215,0.735293253997259
2016-01-25,0.7724596293481895,0.7203013380877372
2016-01-26,0.788563441387117,0.7339714775524163
2016-01-27,0.7898299978235916,0.736409525608777
2016-01-28,0.8015902454986813,0.7464477673700638
2016-01-29,0.8142224941786917,0.7591984825257081
2016-02-01,0.800560174442382,0.748169722376044
2016-02-02,0.7859879715877294,0.7360116918447659
2016-02-03,0.8045207945020778,0.7502848063122898
2016-02-04,0.801411697284387,0.7491937186395594
2016-02-05,0.7901904146418186,0.7384179931532596
2016-02-08,0.7817206412296518,0.7305094638524697
2016-02-09,0.7687244607313289,0.7193396061232061
2016-02-10,0.7666109749369613,0.7191854613768769
2016-02-11,0.7643986642461672,0.7181233216634776
2016-02-12,0.7749765887657046,0.7286274160678481
2016-02-16,0.7793472251640337,0.7312049994326107
2016-02-17,0.7947654729279928,0.7453548569046401
2016-02-18,0.7937299666523437,0.7448696966702121
2016-02-19,0.790370230413381,0.7417479846166827
2016-02-22,0.8049024557021128,0.7534597617581791
2016-02-23,0.7932245122185345,0.7428606502531879
2016-02-24,0.797877130971572,0.7484447919356743
2016-02-25,0.8078316681749084,0.7565075630310673
2016-02-26,0.8044101696834217,0.7534079636344573
2016-02-29,0.8084765549127607,0.7570186121003181
2016-03-01,0.8189338190324457,0.7645032672792262
2016-03-02,0.8247502526874579,0.7691371589077256
2016-03-03,0.8287075168258115,0.7733838511966278
2016-03-04,0.8385147253214704,0.7822330118637939
2016-03-07,0.8457245375767504,0.7893866520762677
2016-03-08,0.8356073161830339,0.781618375515486
2016-03-09,0.845715393875283,0.7917459719666439
2016-03-10,0.8433555735378678,0.7883527269746335
2016-03-11,0.8538410651662738,0.7975772761197847
2016-03-14,0.8480843128325353,0.7930862834597366
2016-03-15,0.8409596574543617,0.786492826955892
2016-03-16,0.860616263392363,0.802966507630817
2016-03-17,0.8733028973141633,0.8126797260051974
2016-03-18,0.8751699846928486,0.8132999473553301
2016-03-21,0.8758578529328525,0.8134126875209918
2016-03-22,0.8742458900480671,0.8124941728262964
2016-03-23,0.8622216883870756,0.8018010555213138
2016-03-24,0.858856930567131,0.799213474014813
2016-03-28,0.8603837938554021,0.800959506040463
2016-03-29,0.867902881898058,0.8074451171063116
2016-03-30,0.8675466208931398,0.807240641375147
2016-03-31,0.8671676092479056,0.8080815698434003
2016-04-01,0.8593885926961216,0.8008060258880126
2016-04-04,0.8526762161728278,0.7950640327211673
2016-04-05,0.8489820208387897,0.7904047741391553
2016-04-06,0.8611382955135964,0.8007110480215971
2016-04-07,0.8571386818552265,0.7970904287442202
2016-04-08,0.8700171269808722,0.8105684341284909
2016-04-11,0.8735584660357244,0.8127599396468246
2016-04-12,0.883955468271443,0.8242370988111877
2016-04-13,0.8893122026400703,0.8286752888900201
2016-04-14,0.8858891069897779,0.826073337003538
2016-04-15,0.8847439031440404,0.8254226762804974
2016-04-18,0.8865451584362251,0.8279637489015926
2016-04-19,0.8988653313958079,0.839542034445943
2016-04-20,0.9029371931660864,0.8439401863194503
2016-04-21,0.8981177786931915,0.8391071153224999
2016-04-22,0.8969345362320417,0.8370659885606386
2016-04-25,0.8915190512089897,0.8327055105314564
2016-04-26,0.8979726918057828,0.8392659896947009
2016-04-27,0.908423204537098,0.8484125064120169
2016-04-28,0.907727958303518,0.8486026102885553
2016-04-29,0.9081654658075563,0.8493553127388329
2016-05-02,0.9040110251554316,0.8448064117165061
2016-05-03,0.893102007703479,0.834025783622621
2016-05-04,0.8916654117689075,0.8308366725359794
2016-05-05,0.8951363190001809,0.8327480276249047
2016-05-06,0.8963527930453292,0.8342380928613511
2016-05-09,0.8906294570657064,0.825838562283021
2016-05-10,0.9053989771222533,0.8415808500517634
2016-05-11,0.9082081646363567,0.8462060643740407
2016-05-12,0.9089313319505204,0.8464860699357805
2016-05-13,0.9047944946407734,0.8431427782169042
2016-05-16,0.9144663405838547,0.852977878898114
2016-05-17,0.9136552680844013,0.8525172136887952
2016-05-18,0.902122547130581,0.8425087311971494
2016-05-19,0.8998040541411425,0.8404373814764527
2016-05-20,0.9031287368878633,0.8439239107363617
2016-05-23,0.8996073876508218,0.8398885327796577
2016-05-24,0.9063786657146362,0.8462322270232284
2016-05-25,0.915123233360537,0.8542613816135157
2016-05-26,0.917508774019587,0.8571440307060768
2016-05-27,0.9187585902507268,0.8584199421536327
2016-05-31,0.9169574875830723,0.8537857705700682
2016-06-01,0.918481028824062,0.8569261228209449
2016-06-02,0.9230891082249169,0.8614460648111669
2016-06-03,0.930889673729501,0.8692268365647257
2016-06-06,0.938260807562162,0.8750833499848882
2016-06-07,0.9452461016527175,0.8811124566009094
2016-06-08,0.9547914018433683,0.8899730920835703
2016-06-09,0.9506630872681749,0.8852227104679906
2016-06-10,0.9382071554594208,0.8717104822443374
2016-06-13,0.931136563682532,0.8658160260564866
2016-06-14,0.9280863597929022,0.8603606846977663
2016-06-15,0.9283372580973578,0.860430706220657
2016-06-16,0.9218970981617742,0.8533332507327415
2016-06-17,0.9306936248341353,0.8637346172881841
2016-06-20,0.9363073407649558,0.8705400174500343
2016-06-21,0.9345852067112544,0.8695818019199887
2016-06-22,0.9317861564619019,0.8672531109601892
2016-06-23,0.9432972565790598,0.878059612696838
2016-06-24,0.9178436626893925,0.8495701648320326
2016-06-27,0.9124874302232295,0.8428919882538204
2016-06-28,0.9294252766303207,0.8596881917657847
2016-06-29,0.9433302755801897,0.8721284797453995
2016-06-30,0.9476462582666453,0.8759342199512227
2016-07-01,0.9581376058339738,0.8849984218786865
2016-07-05,0.9439281998637328,0.8693636616965149
2016-07-06,0.949383294028188,0.8736293348535139
2016-07-07,0.9361521440387143,0.8596571014848743
2016-07-08,0.9474980219373527,0.8707606303329763
2016-07-11,0.9439218267909887,0.8676259997947514
2016-07-12,0.9551447596307221,0.87853518160483
2016-07-13,0.9501894556131768,0.8738450826052648
2016-07-14,0.9536821679725601,0.8767307160616629
2016-07-15,0.9503819036065295,0.873558256499761
2016-07-18,0.9492013562873076,0.8721740604062995
2016-07-19,0.9442840145750275,0.8677621988493178
2016-07-20,0.9438144699451811,0.8675974165252016
2016-07-21,0.9394318234245084,0.8639421074558198
2016-07-22,0.9398373434228638,0.8638926865807675
2016-07-25,0.9313399541510312,0.8570212167013825
2016-07-26,0.9317994242734297,0.857275850257106
2016-07-27,0.9326147065386641,0.8560152483498411
2016-07-28,0.9287656816938552,0.8535992977240862
2016-07-29,0.935868821743935,0.8600929650315975
2016-08-01,0.9231404558686794,0.8481760828498217
2016-08-02,0.9139679242905507,0.8417819584492756
2016-08-03,0.925074660955494,0.8515017210093415
2016-08-04,0.9328847279552931,0.8571766687679777
2016-08-05,0.9338733483329865,0.8591389878369359
2016-08-08,0.9397654014921389,0.863858203484092
2016-08-09,0.9428020380496968,0.8661817574429111
2016-08-10,0.9367167582591265,0.8618328609004998
2016-08-11,0.9448463214435643,0.8705907010184524
2016-08-12,0.9522826563599792,0.8772043906351598
2016-08-15,0.9581918632687212,0.8831797083879754
2016-08-16,0.9574691723667385,0.883454707317045
2016-08-17,0.9608684318326254,0.8884912178874569
2016-08-18,0.9706296015803891,0.8960981196245777
2016-08-19,0.9664860494083044,0.8922266259445156
2016-08-22,0.961506598405316,0.8871566307226176
2016-08-23,0.9653713716537595,0.8910567417568428
2016-08-24,0.9568673910646927,0.884140191098167
2016-08-25,0.9574606577898498,0.8840202296171416
2016-08-26,0.9529908205244626,0.8785563182547457
2016-08-29,0.9564871807419392,0.880745362448392
2016-08-30,0.9522935877210598,0.876404271144525
2016-08-31,0.9434422495234444,0.8663660416362841
2016-09-01,0.9396006574784711,0.8640025895210731
2016-09-02,0.9466544058201771,0.8690686751548226
2016-09-06,0.9559605952532079,0.8773297365911703
2016-09-07,0.9605649331070883,0.8815076323995671
2016-09-08,0.9642177014415897,0.8849158840516376
2016-09-09,0.9392594821394616,0.8632997048389122
2016-09-12,0.9465538235299479,0.8703167914364265
2016-09-13,0.9286977040086627,0.8530928593877869
2016-09-14,0.9245382807151412,0.8501234471728096
2016-09-15,0.9307730459756153,0.8565304960949706
2016-09-16,0.927822072787689,0.85523253933072
2016-09-19,0.9286394456147382,0.8549322292429443
2016-09-20,0.9326722561805288,0.8583308322771005
2016-09-21,0.9502384533707015,0.8735832602398672
2016-09-22,0.9593587354567522,0.8814917854986382
2016-09-23,0.9497770660528051,0.8733069340513736
2016-09-26,0.9506113056837587,0.8739427462842861
2016-09-27,0.9486138068947799,0.8722585261269754
2016-09-28,0.961692215630813,0.8844868615481077
2016-09-29,0.959077903895524,0.8836430326669849
2016-09-30,0.9620474130840465,0.8873795289050044
2016-10-03,0.9630948228042234,0.8878847938319498
2016-10-04,0.9556620960915894,0.8828150484718604
2016-10-05,0.9619373075523822,0.8882847814365422
2016-10-06,0.9634463319294196,0.8899385242909968
2016-10-07,0.9594130453844342,0.8853697960217214
2016-10-10,0.9674748890224197,0.8916976560851255
2016-10-11,0.95874732119175,0.8827578034281928
2016-10-12,0.9560129272911848,0.8793579339070814
2016-10-13,0.9575930647122396,0.8815729556162526
2016-10-14,0.9562735973842185,0.8801978788649855
2016-10-17,0.9574953738457168,0.8805243492345733
2016-10-18,0.9642362377982444,0.8862643343389087
2016-10-19,0.9704249858015369,0.8918497082157603
2016-10-20,0.9652313243738005,0.8859617695621098
2016-10-21,0.9668408915168825,0.8884881221222677
2016-10-24,0.9671744457266495,0.8880708980657269
2016-10-25,0.9634497607689266,0.8847986718376013
2016-10-26,0.95696103786753,0.8787862363481039
2016-10-27,0.954884370244708,0.8777786460754111
2016-10-28,0.9505973085725672,0.8738908826873687
2016-10-31,0.943644984572501,0.8659520029567498
2016-11-01,0.9400707864086761,0.863740116094795
2016-11-02,0.9324400391625658,0.856050072014163
2016-11-03,0.9247286683560293,0.8500119331474532
2016-11-04,0.9232698809697524,0.8471085240740127
2016-11-07,0.9353809649178787,0.8575289597594725
2016-11-08,0.9338169505708876,0.8572755638597614
2016-11-09,0.9302791754409874,0.8532343190574105
2016-11-10,0.9205809618272658,0.8448036259464231
2016-11-11,0.9095105531204818,0.8349712456244067
2016-11-14,0.9053916171315827,0.8288153317002791
2016-11-15,0.9189870867093137,0.8414206784230834
2016-11-16,0.9175195902000072,0.8388892323479199
2016-11-17,0.9149755945318943,0.8379661034459486
2016-11-18,0.9146069771340646,0.8369011568519171
2016-11-21,0.9291002135312982,0.8522387005247984
2016-11-22,0.929340905475758,0.8538529784190003
2016-11-23,0.9255978613828455,0.8500717142722158
2016-11-25,0.920521878412095,0.8477755003402174
2016-11-28,0.9244139976835211,0.8506025020910056
2016-11-29,0.9179013136083661,0.8439212816811824
2016-11-30,0.9312840703886013,0.8561182080775577
2016-12-01,0.931892524663292,0.8583628583449026
2016-12-02,0.936343717272717,0.8633604583778284
2016-12-05,0.9394737299227974,0.8681170104494879
2016-12-06,0.9428524528595992,0.8699535127886177
2016-12-07,0.9475816071895748,0.8747144976754093
2016-12-08,0.9520671842499157,0.8767789362076365
2016-12-09,0.9519264187889297,0.8778892725271777
2016-12-12,0.9534315042285135,0.8781892888021279
2016-12-13,0.9588814205027202,0.8839602560388977
2016-12-14,0.9392481052329962,0.8669295763402566
2016-12-15,0.9363268941530086,0.8646475382788305
2016-12-16,0.9391932513290275,0.867286757023541
2016-12-19,0.9427000193969123,0.8686989361382879
2016-12-20,0.9449308838377896,0.8707760127215258
2016-12-21,0.9441548273708088,0.8705346588969675
2016-12-22,0.9429450020788225,0.8707634478494566
2016-12-23,0.9464050885782729,0.8725055209936854
2016-12-27,0.9510569038021222,0.8775137836335979
2016-12-28,0.9519236855254725,0.8784246604667503
2016-12-29,0.9549454730669686,0.8821039916653073
2016-12-30,0.9559289343005759,0.8833721154441274
2017-01-03,0.9552937072041199,0.8819549121146252
2017-01-04,0.9640736907207365,0.8892653364906884
2017-01-05,0.9718576265255596,0.8971172824891535
2017-01-06,0.9674459364212226,0.8922419623310123
2017-01-09,0.9614604031182883,0.8865722732630172
2017-01-10,0.9600740047387898,0.8840395284391024
2017-01-11,0.9689854212224274,0.8928964896182672
2017-01-12,0.973194298547357,0.8988618306971187
2017-01-13,0.9710067366584614,0.8975684591617085
2017-01-17,0.9739533558755366,0.8997565375738621
2017-01-18,0.964126893789734,0.8896281173396915
2017-01-19,0.9602940822130479,0.8857148922618368
2017-01-20,0.9663840477952079,0.8920157316172886
2017-01-23,0.9694814627715468,0.8952253704851462
2017-01-24,0.971594171338695,0.8962404926215592
2017-01-25,0.9718475529669511,0.8967518870420651
2017-01-26,0.974531510767527,0.8986894670333889
2017-01-27,0.9729314112877308,0.8958852705754087
2017-01-30,0.9660736974348684,0.8894243860334693
2017-01-31,0.9696309565879688,0.8944650852488429
2017-02-01,0.972340500101158,0.8975456621855286
2017-02-02,0.9737335039772216,0.8985247700067346
2017-02-03,0.976561946851533,0.900652165487428
2017-02-06,0.9754171881852199,0.8982328250084166
2017-02-07,0.9726435038382593,0.8958361545417636
2017-02-08,0.9771902082104827,0.9017954206737339
2017-02-09,0.9794320037682553,0.9029989939878764
2017-02-10,0.9848778376370806,0.908688000352114
2017-02-13,0.9812930035637957,0.9045242223352408
2017-02-14,0.981498926485323,0.9045999679118658
2017-02-15,0.9841696410620608,0.9060486719171827
2017-02-16,0.9854760067177771,0.9068771689687717
2017-02-17,0.9874769152723903,0.9076574729532265
2017-02-21,0.9923511222970033,0.9113806249792934
2017-02-22,0.9902220330035345,0.9094505370377407
2017-02-23,0.9948738959288205,0.9132371696087921
2017-02-24,0.9962333462924788,0.9143816188825992
2017-02-27,0.9926811344739148,0.9121199954637841
2017-02-28,0.9910880498768814,0.9116500314639229
2017-03-01,0.9929214001420646,0.9126564997563997
2017-03-02,0.9804930248773543,0.9010954929108592
2017-03-03,0.9859393396782294,0.9052912806380298
2017-03-06,0.9833265497200174,0.9038671899076802
2017-03-07,0.9787782266625557,0.8994541407756979
2017-03-08,0.9625860550389526,0.8849059341209674
2017-03-09,0.9562204009493198,0.8791385157080394
2017-03-10,0.9559399656922545,0.878887993152018
2017-03-13,0.9554549251743747,0.877954106889898
2017-03-14,0.9510802016554005,0.8740758807179275
2017-03-15,0.9687357346804617,0.889938245547091
2017-03-16,0.9681589651146584,0.8900989883688587
2017-03-17,0.9701482760170858,0.8917750789615926
2017-03-20,0.9714016086689661,0.8923186861710258
2017-03-21,0.964222181722153,0.8872704937880463
2017-03-22,0.9668805476050233,0.889540474716247
2017-03-23,0.9649672926446693,0.8880795894211247
2017-03-24,0.9675612854638733,0.8895510789144742
2017-03-27,0.9681976037745064,0.8911093895337668
2017-03-28,0.9702406882720304,0.892956142328906
2017-03-29,0.9778145667762586,0.8994897162947835
2017-03-30,0.9793746056444147,0.8992559017940727
2017-03-31,0.9818911510467041,0.9018928654110282
2017-04-03,0.9827341553191195,0.9014134578022506
2017-04-04,0.9849382669749055,0.904812528830382
2017-04-05,0.9843907153109509,0.9047502632102982
2017-04-06,0.9883172492875807,0.9081648151929251
2017-04-07,0.9867469423848494,0.9064641525596192
2017-04-10,0.9906583388798218,0.9105707586861741
2017-04-11,0.9954268224026496,0.9144509118216549
2017-04-12,0.995780536585611,0.9146540247586137
2017-04-13,0.9950823807142931,0.9142901092366885
2017-04-17,0.9956562394401978,0.9149188211100525
2017-04-18,0.9961653667569067,0.9142651190521162
2017-04-19,0.984255655025378,0.9038049279551242
2017-04-20,0.9838489994347431,0.9044102146171961
2017-04-21,0.9786037402202078,0.8987674792128506
2017-04-24,0.9815434805178208,0.9025538814644681
2017-04-25,0.9844686946494066,0.9060256826067706
2017-04-26,0.9838445326285621,0.9041493082286518
2017-04-27,0.9850209313445492,0.905191047103276
2017-04-28,0.9871301800784847,0.9069758150091853
2017-05-01,0.9846110123518147,0.9060655100230157
2017-05-02,0.9815112896349139,0.9042358534799565
2017-05-03,0.9789706836652929,0.9015649016857418
2017-05-04,0.9656794779958939,0.8905126929479346
2017-05-05,0.9736871338619665,0.8974037062974107
2017-05-08,0.9695179466711794,0.8937483984531851
2017-05-09,0.9670081307931427,0.8902957966256217
2017-05-10,0.9754702888181339,0.8986166718166798
2017-05-11,0.9774299430645361,0.9006912921020557
2017-05-12,0.9818870341206382,0.9060511633337927
2017-05-15,0.9867165160271771,0.910230267517999
2017-05-16,0.9863448434149606,0.9108717134573207
2017-05-17,0.9869796771839696,0.9113989983556422
2017-05-18,0.9869260108008259,0.9120661430051757
2017-05-19,0.998171689191716,0.9243936219885167
2017-05-22,1.000617495887299,0.9275222315917855
2017-05-23,0.9996306035667782,0.9253858382128013
2017-05-24,1.0004479662246895,0.9264268175186908
2017-05-25,0.9909614054598164,0.9176509558931556
2017-05-26,0.9970573650547142,0.921776757447242
2017-05-30,0.9971968632749925,0.9205195250298859
2017-05-31,0.9919303124527088,0.9172469282139466
2017-06-01,0.9944293519774674,0.9186081756216747
2017-06-02,0.9995313689971139,0.9228364019023186
2017-06-05,0.9954670970294199,0.917783819838689
2017-06-06,0.9997761856345598,0.9210719838869965
2017-06-07,0.9883817382908585,0.9125973584556185
2017-06-08,0.9871899830022659,0.9113660651247838
2017-06-09,0.9864560918192349,0.910061973763324
2017-06-12,0.9836004689939972,0.9064638156650296
2017-06-13,0.9880440104872081,0.9117758367460868
2017-06-14,0.9802858712377371,0.90543106918977
2017-06-15,0.9745538626331801,0.9013400784062803
2017-06-16,0.977320934113374,0.9060698154445846
2017-06-19,0.9751123026042335,0.9043898536481911
2017-06-20,0.9692192640729845,0.898274838370246
2017-06-21,0.9630773102158859,0.893101231587595
2017-06-22,0.9655825330562307,0.8949030419991694
2017-06-23,0.9696631852836063,0.8982050304677609
2017-06-26,0.9741440624234012,0.9023040608490407
2017-06-27,0.9700644845488798,0.9007480791002213
2017-06-28,0.9770895363324886,0.9079049651414526
2017-06-29,0.970164747235947,0.9035014372978148
2017-06-30,0.9784777039293993,0.9118347813141202
2017-07-03,0.9807066480989344,0.913727254061879
2017-07-05,0.9737263733564816,0.9075614615104572
2017-07-06,0.9677188073541672,0.9029337863927123
2017-07-07,0.9633357289686534,0.898635940575239
2017-07-10,0.9653942658320084,0.9014758983436543
2017-07-11,0.9718916681926725,0.9080316173086916
2017-07-12,0.9806853248703119,0.913615133513551
2017-07-13,0.982543776739519,0.9145462039363703
2017-07-14,0.9890783858278317,0.9218331212312246
2017-07-17,0.987181926536563,0.9204044329266383
2017-07-18,0.9921209424573784,0.9250482944126026
2017-07-19,1.000352449081104,0.9328001609909647
2017-07-20,0.9975997868837463,0.931069227469713
2017-07-21,0.9917271072644928,0.926031652237102
2017-07-24,0.9932470590303694,0.9255960556359132
2017-07-25,0.9955244466248648,0.928177011841873
2017-07-26,1.0032020261540282,0.9366096505354561
2017-07-27,1.0049223196904051,0.9365883781575476
2017-07-28,1.0092716724834485,0.9409642409677156
2017-07-31,1.0103770626826576,0.9435520328104775
2017-08-01,1.0086148653242333,0.9420460037885608
2017-08-02,1.0095942824804707,0.944278434315826
2017-08-03,1.0079025546325815,0.9419634222081942
2017-08-04,1.009081555877184,0.9430753340846763
2017-08-07,1.0104176914873608,0.9435252494101485
2017-08-08,1.0083963815373849,0.9412831365339782
2017-08-09,1.0108187876097132,0.9441232938551348
2017-08-10,0.9986162190556508,0.9329209442975105
2017-08-11,1.0016321174695801,0.9357667670412744
2017-08-14,0.9977713017114037,0.9320995549042718
2017-08-15,0.9942710438228342,0.9294906935855634
2017-08-16,0.9941807487945643,0.9307634666562171
2017-08-17,0.9902915246236733,0.9261385694053342
2017-08-18,0.9975649502209214,0.9339528906421071
2017-08-21,0.9930270370530054,0.9294134058337382
2017-08-22,0.9973720407437062,0.9333808033671547
2017-08-23,1.0012423241251853,0.9375526466619013
2017-08-24,0.9961404413128128,0.9352782037708997
2017-08-25,0.9994012608077024,0.9375679465324187
2017-08-28,0.9969764877371157,0.9368715377271326
2017-08-29,0.995009085474435,0.9372741944160475
2017-08-30,0.9947601013154317,0.9359900586660903
2017-08-31,1.006861443452632,0.9519394093984853
2017-09-01,1.0068547313621814,0.9511639576494691
2017-09-05,1.0153468137531967,0.9548640047329843
2017-09-06,1.0190558453686738,0.9600720616949632
2017-09-07,1.023127889090974,0.9645192041252538
2017-09-08,1.0153308359469888,0.9576290372896932
2017-09-11,1.0185085483216496,0.9591689048382259
2017-09-12,1.0188200385769874,0.9608067247669402
2017-09-13,1.0216765064021114,0.9622656701850958
2017-09-14,1.024513831927808,0.9633960251806096
2017-09-15,1.0273104232086037,0.9658389555939887
2017-09-18,1.0262655660353637,0.9662459737560093
2017-09-19,1.0242307173346041,0.9648230259574591
2017-09-20,1.0261626360737457,0.9685502868610611
2017-09-21,1.0227474827837733,0.9652958835421107
2017-09-22,1.0242984365823617,0.9675467916773403
2017-09-25,1.0308389324185263,0.9740622678590356
2017-09-26,1.0281676524123105,0.9696784418350576
2017-09-27,1.0281483032033596,0.9677131681864712
2017-09-28,1.0259681331335726,0.9670466042363158
2017-09-29,1.0269087327240505,0.9659474024514163
2017-10-02,1.0229242542487296,0.9620123129892724
2017-10-03,1.0254371317594926,0.9647665050736502
2017-10-04,1.0237977101717686,0.9641335916680582
2017-10-05,1.0298426965581247,0.9708721966441156
2017-10-06,1.0225839929486493,0.9617615136015142
2017-10-09,1.0227462363644346,0.9622778414117303
2017-10-10,1.0329214911841116,0.9719753817780292
2017-10-11,1.0364688131587814,0.97507235052021
2017-10-12,1.035341171869998,0.9746520782453226
2017-10-13,1.042701836764353,0.9823726568321606
2017-10-16,1.0421433236139184,0.9834502188205
2017-10-17,1.04011471689056,0.9815414202938624
2017-10-18,1.038930775244061,0.9801824128954948
2017-10-19,1.0376399942813037,0.977330689135961
2017-10-20,1.037275333059628,0.978338116811935
2017-10-23,1.0366244392694035,0.9771563369158222
2017-10-24,1.0387190488513343,0.9796171975356511
2017-10-25,1.0339634430865654,0.9760332345317914
2017-10-26,1.03555116890495,0.9775517302194244
2017-10-27,1.0480784027009689,0.9871733518316583
2017-10-30,1.0504391622995677,0.9904367091568731
2017-10-31,1.053080382407502,0.9929187172690475
2017-11-01,1.0549299921212425,0.9944310583853159
2017-11-02,1.058049294911267,0.997875791015465
2017-11-03,1.062926226478026,1.003469105173851
2017-11-06,1.0737681716145855,1.014696848603859
2017-11-07,1.072601707662367,1.0119478933772903
2017-11-08,1.0710755833874501,1.010662298795862
2017-11-09,1.0688759330345363,1.0084636289787883
2017-11-10,1.0621118805632879,1.001979812764682
2017-11-13,1.0604823400726209,0.999717585637874
2017-11-14,1.0537395450665774,0.993516161309528
2017-11-15,1.0525451903930851,0.9935382283362939
2017-11-16,1.0557597898536681,0.9952555001645754
2017-11-17,1.062867699691079,1.0022117238712476
2017-11-20,1.0605395099578918,0.9996505902353144
2017-11-21,1.0674200579142465,1.0064378898588666
2017-11-22,1.0748601743290882,1.0130747346568993
2017-11-24,1.0778343328866813,1.0157013855532782
2017-11-27,1.0728832813343625,1.0122896147856306
2017-11-28,1.0770247995535818,1.0158658883725968
2017-11-29,1.0706305054797667,1.0085406936399683
2017-11-30,1.0685449387208574,1.0071547045858444
2017-12-01,1.0742889828294016,1.0144133791795427
2017-12-04,1.0692553431629832,1.0075116377113056
2017-12-05,1.0681666889782075,1.0072162420108697
2017-12-06,1.0600738773022627,0.9990231608222259
2017-12-07,1.0607146855823613,1.000743312465733
2017-12-08,1.0662291612169223,1.006804873055978
2017-12-11,1.06822221258867,1.0099314837760631
2017-12-12,1.064192601509542,1.0067007979003852
2017-12-13,1.0665718067764283,1.0082691169184137
2017-12-14,1.0657344962292985,1.0086311323476131
2017-12-15,1.070432476119671,1.011614146350328
2017-12-18,1.0736457687384697,1.0155698704803964
2017-12-19,1.0695295912558225,1.0122624945449799
2017-12-20,1.068346582952952,1.0121343613931189
2017-12-21,1.0723762963075887,1.016686829913042
2017-12-22,1.0745414833973912,1.0191173753577072
2017-12-26,1.0821248875044218,1.026841475503004
2017-12-27,1.0872033244448038,1.032350513100108
2017-12-28,1.0901800290385073,1.0356096001329191
2017-12-29,1.0925000032218766,1.0370917723193125
2018-01-02,1.0976569856062066,1.0421265415535648
2018-01-03,1.1067041274134848,1.049518590032332
2018-01-04,1.1094717038634132,1.052650775826935
2018-01-05,1.110378536641326,1.0517766858069972
2018-01-08,1.1113784018017476,1.0524351177933589
2018-01-09,1.1129652414284747,1.053567386901908
2018-01-10,1.1132528361023708,1.0538194138431187
2018-01-11,1.1174890069876875,1.0583470405702737
2018-01-12,1.1249310915805213,1.065570847442903
2018-01-16,1.1214051760068748,1.0632006053200296
2018-01-17,1.1266729600652745,1.0673927572651043
2018-01-18,1.1231800433252261,1.063810754201066
2018-01-19,1.1232888314974223,1.0631551659358454
2018-01-22,1.127896212587402,1.0682068020188764
2018-01-23,1.1354702364000202,1.075970211173374
2018-01-24,1.1411971622820813,1.0807846939965287
2018-01-25,1.1397700502828318,1.0797934503903919
2018-01-26,1.1486001262098455,1.0881057918391321
2018-01-29,1.1389237574886457,1.07810069602347
2018-01-30,1.1271056824160255,1.066700968746966
2018-01-31,1.129687245840907,1.0690977915825424
2018-02-01,1.1287565442703238,1.0697105248772785
2018-02-02,1.110102072354868,1.0496685578306555
2018-02-05,1.088521494734102,1.0383123040290319
2018-02-06,1.0944297791043693,1.0333715545796833
2018-02-07,1.0802340244562147,1.0171183970955415
2018-02-08,1.055396930851367,0.9943218758315383
2018-02-09,1.0539828759373204,0.9910503999612437
2018-02-12,1.0626074579607658,1.000216342249469
2018-02-13,1.0637673113911312,1.0023280246200215
2018-02-14,1.0757183244363502,1.0143677408111405
2018-02-15,1.0862035408607356,1.023833292712801
2018-02-16,1.0890628431743012,1.0272473292515785
2018-02-20,1.0845110161904168,1.0219739731488302
2018-02-21,1.0768668660630085,1.0152946153938496
2018-02-22,1.0845036508894657,1.0217705718582513
2018-02-23,1.0991056889515496,1.0352548203239358
2018-02-26,1.1076635637094592,1.0436805715908384
2018-02-27,1.0920573965254994,1.0287770869928237
2018-02-28,1.0844157296767076,1.0190840601646929
2018-03-01,1.0823327787858947,1.0156925167112143
2018-03-02,1.0832465388905779,1.0159316507910405
2018-03-05,1.0925878622657847,1.0239817969023888
2018-03-06,1.0946179242383771,1.0258672077627764
2018-03-07,1.0894987547571475,1.020563173960282
2018-03-08,1.0896186736693454,1.0206624157778794
2018-03-09,1.100074683710319,1.0304770737513949
2018-03-12,1.0994948082890248,1.0283000111867726
2018-03-13,1.0946114572242553,1.0252325356274568
2018-03-14,1.096311084472635,1.0266598031681162
2018-03-15,1.095679024041725,1.0273352679426777
2018-03-16,1.0978736363492854,1.028919929609205
2018-03-19,1.0881933037799862,1.0197899956870233
2018-03-20,1.092428172182348,1.0227804471671615
2018-03-21,1.1008096563364056,1.0323179737944415
2018-03-22,1.0869365911856386,1.01797315108733
2018-03-23,1.083701019726468,1.0147279088050911
2018-03-26,1.093825979597099,1.024337172644102
2018-03-27,1.0876570737534124,1.0185877004035822
2018-03-28,1.0866750458321532,1.0186229448632662
2018-03-29,1.0987192190127022,1.0305063509919832
2018-04-02,1.0822052982564867,1.0132482078226177
2018-04-03,1.0871449973896912,1.0189176955782626
2018-04-04,1.0907792734023538,1.022246757060914
2018-04-05,1.0938443221310312,1.0254516189353986
2018-04-06,1.0820094561069522,1.0152956211312445
2018-04-09,1.0907665110143467,1.0252936769419134
2018-04-10,1.1053809718146002,1.042115200542945
2018-04-11,1.1093996693966917,1.044603290755959
2018-04-12,1.1110079775822999,1.046798014762245
2018-04-13,1.1108538104414316,1.047159384696783
2018-04-16,1.1103724358242624,1.04696982329951
2018-04-17,1.1161341928999595,1.0511992093993545
2018-04-18,1.1248162317150694,1.0598987401497877
2018-04-19,1.1171999407523518,1.053198020225811
2018-04-20,1.1085304138978174,1.0455132070868558
2018-04-23,1.109188205823626,1.0458088781211365
2018-04-24,1.0993511940334237,1.0347746100372088
2018-04-25,1.0988242675839843,1.0347184380357797
2018-04-26,1.1060847052244738,1.0427506618731133
2018-04-27,1.1097006936977443,1.0452067946879842
2018-04-30,1.1081698630331447,1.0439308542649788
2018-05-01,1.1041900404649967,1.038973971578365
2018-05-02,1.1025391823351656,1.037812259114991
2018-05-03,1.106928218642485,1.0421522953512614
2018-05-04,1.1158077994231814,1.0511356408347048
2018-05-07,1.1164141955356124,1.051184463210874
2018-05-08,1.1153541059420908,1.0510511138389307
2018-05-09,1.121462946562152,1.0577143677429977
2018-05-10,1.1306877780166191,1.06692683955405
2018-05-11,1.128360029309697,1.0652876779979827
2018-05-14,1.1283395031091623,1.067535076781246
2018-05-15,1.1182568526169738,1.0579980813161998
2018-05-16,1.1211307855513104,1.0607892171890816
2018-05-17,1.118631584013845,1.0595884214836055
2018-05-18,1.1202933592230178,1.0597115502830083
2018-05-21,1.1285755845955674,1.0672952537987401
2018-05-22,1.1269318037070122,1.066805351500523
2018-05-23,1.1304105300436849,1.0695294752630915
2018-05-24,1.12839856530521,1.0676585426910707
2018-05-25,1.1204132864269625,1.0600593889348735
2018-05-29,1.1167060184557767,1.0553499127982997
2018-05-30,1.1252794457091957,1.0664292039893042
2018-05-31,1.1176876089162997,1.0596557457261235
2018-06-01,1.1158679993742227,1.0590659224756747
2018-06-04,1.110876033309874,1.0547597521608445
2018-06-05,1.1138166216643222,1.0563727151322666
2018-06-06,1.1156716328200564,1.059637192307748
2018-06-07,1.1187539829481183,1.0641892505502772
2018-06-08,1.1183354615083831,1.0627242493098539
2018-06-11,1.1194135694915275,1.0625688665256445
2018-06-12,1.1211808552353888,1.0625486993676199
2018-06-13,1.119370380079406,1.0624831499193301
2018-06-14,1.1233852776605264,1.0614401533260107
2018-06-15,1.1135483473262215,1.049954469491749
2018-06-18,1.114187792692737,1.0521962889184764
2018-06-19,1.108281099798411,1.0461291202237049
2018-06-20,1.109416406804504,1.0448213565893465
2018-06-21,1.1061933642117356,1.040407930809449
2018-06-22,1.1222309565709798,1.0550655640526323
2018-06-25,1.1081107998358533,1.0411189604127515
2018-06-26,1.1188069532755256,1.0500376198830375
2018-06-27,1.1213465525580708,1.053370731120888
2018-06-28,1.1264455351792233,1.0564652854369234
2018-06-29,1.1339192367487885,1.0655713242175717
2018-07-02,1.1274609651788707,1.057361064124974
2018-07-03,1.1293904214195398,1.059381363286054
2018-07-05,1.1317310037719008,1.0635311313828928
2018-07-06,1.1420822555813748,1.0698767480790554
2018-07-09,1.1461124430686587,1.0753750950766108
2018-07-10,1.1449735222876918,1.0750271672839276
2018-07-11,1.1254409817002686,1.0518404878967729
2018-07-12,1.1327092354702277,1.059613604993692
2018-07-13,1.1359164698279673,1.0633793754936323
2018-07-16,1.123754757729962,1.0507096292911264
2018-07-17,1.1250698345004113,1.052143139453163
2018-07-18,1.126924423650159,1.0544144130903335
2018-07-19,1.1271268426055672,1.0537594875168235
2018-07-20,1.1266938230602388,1.0553409376621827
2018-07-23,1.1210486435351676,1.0515687804913636
2018-07-24,1.1274271952330135,1.0575000228670388
2018-07-25,1.138044740058936,1.0687227940925796
2018-07-26,1.1349874846146983,1.0659725726991367
2018-07-27,1.1312853678896484,1.0638550038065813
2018-07-30,1.1319923051977379,1.0643834549594775
2018-07-31,1.1310794182876407,1.0632475029983255
2018-08-01,1.1236772671644601,1.0546252342959832
2018-08-02,1.1287924596378314,1.0586240604208457
2018-08-03,1.1331186035683283,1.0635018263096476
2018-08-06,1.1350021098252303,1.0647865640781449
2018-08-07,1.136339965360137,1.0672395516627369
2018-08-08,1.1282487615609589,1.059822584487449
2018-08-09,1.129451141540009,1.0594881410591066
2018-08-10,1.1283019717002882,1.0576159654921298
2018-08-13,1.1223723059024093,1.0532015156490113
2018-08-14,1.12519555126188,1.0540704582183604
2018-08-15,1.1095420216883107,1.040252716618347
2018-08-16,1.1168571356844579,1.0478483814342423
2018-08-17,1.12248353457827,1.0538430757453052
2018-08-20,1.126486988235023,1.058301236615697
2018-08-21,1.129405998949946,1.0613216727075376
2018-08-22,1.1384030153539808,1.069698412485786
2018-08-23,1.1343840978950577,1.0657913545740796
2018-08-24,1.1430554363522594,1.0750945440223125
2018-08-27,1.1488072580033326,1.08052135472178
2018-08-28,1.1423854342844184,1.0762427599353823
2018-08-29,1.1494191755727843,1.0850225863367264
2018-08-30,1.1456282268033424,1.0807332650486976
2018-08-31,1.1460469933355257,1.0785927695743807
2018-09-04,1.1371377061666426,1.0722473410314493
2018-09-05,1.1312856175618884,1.0661509394519015
2018-09-06,1.1281623957577132,1.0630061229675427
2018-09-07,1.1228034844169996,1.058186318302067
2018-09-10,1.1236939549175538,1.0601471158568496
2018-09-11,1.1279246182363791,1.0645846876373914
2018-09-12,1.133943606312816,1.069183894335219
2018-09-13,1.1315906320783546,1.0677768566748236
2018-09-14,1.129415728274112,1.0652434841602534
2018-09-17,1.1254309954325312,1.06262044372358
2018-09-18,1.131289171513185,1.0685133849037929
2018-09-19,1.1358724494623014,1.0713917636801733
2018-09-20,1.1409012077812093,1.0774038425212713
2018-09-21,1.1444366129809056,1.0803368013191121
2018-09-24,1.1447013950303413,1.0832069045346269
2018-09-25,1.1452974677059546,1.0852163489239535
2018-09-26,1.1436754747215008,1.0845229292355156
2018-09-27,1.1474185968560309,1.087679714664917
2018-09-28,1.1501089956713995,1.0898114768443246
2018-10-01,1.1575384324056321,1.0995000711703458
2018-10-02,1.158957337696295,1.1000132045192261
2018-10-03,1.155258853688667,1.0984314222687885
2018-10-04,1.1395182171068923,1.0832259600663243
2018-10-05,1.1338716975058503,1.076349611872425
2018-10-08,1.1338422786454785,1.0742933611027359
2018-10-09,1.13702610438482,1.0786150050117647
2018-10-10,1.112654620205012,1.053586650647015
2018-10-11,1.1005929109727264,1.0408685660799195
2018-10-12,1.110886472805188,1.0492546449432196
2018-10-15,1.110409484945282,1.0481037608476365
2018-10-16,1.1227429135570026,1.0602720472243519
2018-10-17,1.1131935611542931,1.051163070915845
2018-10-18,1.0977606336234533,1.0364412737607611
2018-10-19,1.0997691667672034,1.0395471766700748
2018-10-22,1.0987510105865501,1.03861580986896
2018-10-23,1.086352858724369,1.0246464302068854
2018-10-24,1.0741476940413013,1.0123973028939
2018-10-25,1.0826518873584168,1.0193945080758648
2018-10-26,1.0827738117298675,1.020377916268189
2018-10-29,1.0724614274791442,1.0107657259009482
2018-10-30,1.0763011233287838,1.0133747521499246
2018-10-31,1.0759365415807987,1.0130623152256129
2018-11-01,1.0810871560876858,1.017299656449878
2018-11-02,1.076271416692063,1.0125140074141732
2018-11-05,1.0791950526744727,1.015164082307348
2018-11-06,1.078026008475721,1.0147673767919476
2018-11-07,1.0859110745700553,1.0241883846021456
2018-11-08,1.0758466827590694,1.0137445530682025
2018-11-09,1.069054728734248,1.0076406472636215
2018-11-12,1.059021815223335,0.9988991086496394
2018-11-13,1.0461939428581002,0.9868838999049948
2018-11-14,1.0533942080914007,0.9936499580420912
2018-11-15,1.057779788007803,0.9957396487467947
2018-11-16,1.0663669260119673,1.0044772700087505
2018-11-19,1.0603676320836362,0.9976539818099028
2018-11-20,1.0335700874787994,0.9722292539704951
2018-11-21,1.0428579519869117,0.979966257235143
2018-11-23,1.025304602490176,0.9628425318657887
2018-11-26,1.0323039515152703,0.9699614838419163
2018-11-27,1.0315001345863715,0.9685249216671994
2018-11-28,1.0404630208183991,0.9775195215582623
2018-11-29,1.0462935744834967,0.9816115879076808
2018-11-30,1.0453118978787148,0.9813172009551857
2018-12-03,1.0647139868357178,0.9985527758910652
2018-12-04,1.0514176947330438,0.988076938954539
2018-12-06,1.0453121606521767,0.9824211800659409
2018-12-07,1.0424199818140236,0.9805593220954886
2018-12-10,1.0328955061350142,0.9710695988503275
2018-12-11,1.0352042998468602,0.9726395718903577
2018-12-12,1.035994747982643,0.9737262760014852
2018-12-13,1.0439197751987832,0.9801182848890041
2018-12-14,1.027603593627596,0.9651581887275849
2018-12-17,1.012746956800891,0.9520956979314915
2018-12-18,1.0040811940834202,0.944650875600697
2018-12-19,1.0026011874436689,0.9414206360223922
2018-12-20,0.9898141802042588,0.9305371891026244
2018-12-21,0.9770111983825696,0.9170196851995589
2018-12-24,0.9636193854091756,0.9036783828702452
2018-12-26,0.9917998384337464,0.9288024532816032
2018-12-27,0.989942780168432,0.9267767037671085
2018-12-28,0.9919778152642456,0.9287288233471311
2018-12-31,0.9980451285618895,0.9342997746276352
2019-01-02,1.0041277255327228,0.9370932360037556
2019-01-03,1.003068965300109,0.9382721906833437
2019-01-04,1.0211170594547814,0.9555860494552056
2019-01-07,1.025775847922694,0.958609725015701
2019-01-08,1.0354130207701506,0.9668456297712205
2019-01-09,1.0515998390146302,0.9831655870666699
2019-01-10,1.0520326876172374,0.983473023685797
2019-01-11,1.0505556346925022,0.981334353712053
2019-01-14,1.0429643432462572,0.9732288694655727
2019-01-15,1.0526405522598303,0.981593277599919
2019-01-16,1.0560642423490885,0.9854054027535929
2019-01-17,1.058264253647823,0.9891157995372548
2019-01-18,1.0689219877279532,0.9979681131174267
2019-01-22,1.0571131801936864,0.9874169984916064
2019-01-23,1.0575057984682614,0.9882005794761788
2019-01-24,1.063956114336014,0.9919194827289044
2019-01-25,1.0698112672603481,0.9984980003366681
2019-01-28,1.0583633830373034,0.9862655581991786
2019-01-29,1.0655412925611931,0.994952672702791
2019-01-30,1.081958897674021,1.0091036321294198
2019-01-31,1.0888924375554396,1.0144131250310295
2019-02-01,1.0903688681563648,1.0167111457792932
2019-02-04,1.089668307027009,1.0174006004875422
2019-02-05,1.0910067487864863,1.0197603477035109
2019-02-06,1.0887580331639901,1.018009626065394
2019-02-07,1.077709395790517,1.0080703359846719
2019-02-08,1.0786322818287488,1.010892893081327
2019-02-11,1.0755477317495044,1.0062916450276271
2019-02-12,1.085619225748156,1.0157779148768393
2019-02-13,1.08799584723673,1.018440504197235
2019-02-14,1.091707536167828,1.0224734508062014
2019-02-15,1.1035856885329367,1.035737117929986
2019-02-19,1.1087836947226746,1.0381937847711575
2019-02-20,1.1126517607261452,1.0424479151996398
2019-02-21,1.107798746463972,1.0401904883212019
2019-02-22,1.1161346997681223,1.04699833075505
2019-02-25,1.109105251390769,1.0391865989474385
2019-02-26,1.111135979972691,1.0431244591388893
2019-02-27,1.1127459999571134,1.0438724480411643
2019-02-28,1.1089786820009366,1.0395623884326082
2019-03-01,1.1034170921268878,1.0354212643274718
2019-03-04,1.1053770926210078,1.0373222439267507
2019-03-05,1.1077145083058002,1.0391312435856122
2019-03-06,1.104014982137492,1.0363746955471231
2019-03-07,1.1025905029858982,1.0348857760567263
2019-03-08,1.1022045707892423,1.033870518701051
2019-03-11,1.1111447031349266,1.0421646425288975
2019-03-12,1.1163972884376925,1.0476050951422486
2019-03-13,1.1261224395884404,1.0557479878838036
2019-03-14,1.1247918827710361,1.0534123941137565
2019-03-15,1.1337531979453952,1.0613908907905474
2019-03-18,1.1383868087877014,1.0673282369886299
2019-03-19,1.137327834723715,1.0664296436237275
2019-03-20,1.1468412838260378,1.076616749424566
2019-03-21,1.15083743310915,1.0782516531606976
2019-03-22,1.1390436227324081,1.0682893979620804
2019-03-25,1.1417668312251263,1.070705456481748
2019-03-26,1.148366041959947,1.0764868324794203
2019-03-27,1.1438681558997255,1.0729921613470959
2019-03-28,1.1452582771776603,1.0738001956228165
2019-03-29,1.1514664137262947,1.0782018699531355
2019-04-01,1.1605426796989904,1.0857517654792312
2019-04-02,1.165489272401447,1.0900938084877938
2019-04-03,1.1649140335481862,1.0906653190885587
2019-04-04,1.1675626427706163,1.0923416196569353
2019-04-05,1.175014742173942,1.0992211985679965
2019-04-08,1.1788141204859357,1.1026407600816723
2019-04-09,1.1752846567988726,1.098494601817225
2019-04-10,1.1832302007998703,1.1069963856575271
2019-04-11,1.1758170812943487,1.1004541720181462
2019-04-12,1.1785834272910378,1.1043309380390565
2019-04-15,1.1761033040377107,1.102272130685744
2019-04-16,1.1756826423668671,1.101034960531768
2019-04-17,1.1726051790674208,1.0989444493052856
2019-04-18,1.1774073172607757,1.1028851500307029
2019-04-22,1.18043082606167,1.1071198831477211
2019-04-23,1.1878530148489574,1.113192770153677
2019-04-24,1.185958610730497,1.110821433029902
2019-04-25,1.1821689147403815,1.1078922480071165
2019-04-26,1.1806276116507777,1.104879507721518
2019-04-29,1.180317584144725,1.1047259102449452
2019-04-30,1.1827728426787278,1.10751438601018
2019-05-01,1.1763630451504195,1.1038311276356259
2019-05-02,1.1642872485175517,1.0920681588293584
2019-05-03,1.1737825706476779,1.1009076919222798
2019-05-06,1.1737952400378062,1.1003510979491453
2019-05-07,1.1581099655990426,1.0845013413914282
2019-05-08,1.1580035663762829,1.0853054506528643
2019-05-09,1.153935172354077,1.0815208756318249
2019-05-10,1.1587100086320004,1.0871392468541323
2019-05-13,1.1434454677574308,1.0719327327362698
2019-05-14,1.1560644957845854,1.084018142715797
2019-05-15,1.1630656236508512,1.092454371620256
2019-05-16,1.1700331330064777,1.1003062202180305
2019-05-17,1.1621084791760925,1.0925841265281193
2019-05-20,1.1595765724391587,1.088518070247392
2019-05-21,1.1648819151945902,1.0934365519163032
2019-05-22,1.156035153892116,1.0849268090327082
2019-05-23,1.1406681019165672,1.0704038188602996
2019-05-24,1.1480991754195362,1.0791853562128093
2019-05-28,1.1471367676291475,1.0788961803552546
2019-05-29,1.1464919913080565,1.0756491215478883
2019-05-30,1.1443968420373225,1.073080662265437
2019-05-31,1.1309981343108713,1.058721168717766
2019-06-03,1.1323499213950632,1.059412341216872
2019-06-04,1.1439399395452041,1.0706210013632151
2019-06-05,1.1357902215390951,1.0629678526017126
2019-06-06,1.1449230164206534,1.0732527299015722
2019-06-07,1.1567145363549967,1.0835730789938163
2019-06-10,1.152897456635036,1.0804488989489065
2019-06-11,1.1542076084164279,1.0830711647811022
2019-06-12,1.1436828525799463,1.071948913824276
2019-06-13,1.1526764687910989,1.0818464621527515
2019-06-14,1.1507255192546735,1.0810892596340531
2019-06-17,1.1481810868370006,1.0779921482572867
2019-06-18,1.1690743142292719,1.0955605619896946
2019-06-19,1.178663351624641,1.1026551459544518
2019-06-20,1.2005569076399472,1.122354650437176
2019-06-21,1.1957153682948616,1.1189660252512603
2019-06-24,1.1986239700768186,1.1218186476180896
2019-06-25,1.1929155808569787,1.1178150068478372
2019-06-26,1.1969088221690862,1.1219959991011756
2019-06-27,1.2037945988794483,1.1272068200373504
2019-06-28,1.2007934423169693,1.1226275780132242
2019-07-01,1.209061407858476,1.1287750433749362
2019-07-02,1.19984894979596,1.1204661560346987
2019-07-03,1.2095848433684602,1.131045889992495
2019-07-05,1.2063127839098122,1.1272242821725178
2019-07-08,1.2021756483547852,1.1219162914147174
2019-07-09,1.2049828178686903,1.124735980017931
2019-07-10,1.2202725318384933,1.1414008745175033
2019-07-11,1.2164965805426122,1.1384868989055048
2019-07-12,1.2210742672815573,1.1428938450589274
2019-07-15,1.2183651137648295,1.139839360944525
2019-07-16,1.2091912721040008,1.1300755712340222
2019-07-17,1.2035105690546286,1.1254656389258653
2019-07-18,1.2034576864990898,1.125530503210542
2019-07-19,1.202162980569911,1.1246416527435663
2019-07-22,1.204716621535869,1.1262603665411755
2019-07-23,1.2109677562389842,1.1309812800457808
2019-07-24,1.2102205591710165,1.1314250872077278
2019-07-25,1.20319985820902,1.123884727987511
2019-07-26,1.2058867549485002,1.1264735383053106
2019-07-29,1.2081673965424273,1.1294172064675956
2019-07-30,1.2104707684116918,1.130238305492243
2019-07-31,1.2039939375068287,1.1241042681320528
2019-08-01,1.1903274333000733,1.1107867577531194
2019-08-02,1.1888115773885652,1.1086789761018034
2019-08-05,1.1747009095253926,1.0930555559204116
2019-08-06,1.179903986464874,1.0988348789040723
2019-08-07,1.1761376458186634,1.0938077809736226
2019-08-08,1.1910080737183852,1.1070630030708075
2019-08-09,1.192660549065339,1.1071294238523526
2019-08-12,1.1888271909698833,1.1023727603435474
2019-08-13,1.204962675772222,1.1171921850886029
2019-08-14,1.1840709213348322,1.096946482207705
2019-08-15,1.1894869138984228,1.1013436588842613
2019-08-16,1.195770819086238,1.1077831890429337
2019-08-19,1.201397263766927,1.1129208620280666
2019-08-20,1.2011846010033826,1.1131840254596213
2019-08-21,1.2047162862778007,1.1177097443251471
2019-08-22,1.1990837494648812,1.1115582665198172
2019-08-23,1.1853322362121272,1.09956368461797
2019-08-26,1.1922219475460347,1.103998596084422
2019-08-27,1.2008233353586293,1.1110207305046877
2019-08-28,1.2103348810091719,1.119874616860896
2019-08-29,1.219762759010714,1.1284289132339609
2019-08-30,1.212330463863412,1.1226432396908441
2019-09-03,1.2051044152318768,1.1131778311862572
2019-09-04,1.227280672748515,1.1358380605398988
2019-09-05,1.2248773045507118,1.1360244903849115
2019-09-06,1.2271263941594315,1.1386387464317873
2019-09-09,1.2293704587253451,1.1403939518226465
2019-09-10,1.222397353212621,1.1341234842904766
2019-09-11,1.220357035072526,1.132363179926181
2019-09-12,1.2192527656753223,1.1306082374002402
2019-09-13,1.211376908627881,1.1243732572086005
2019-09-16,1.2472781778240865,1.1577304163768676
2019-09-17,1.2383027466980063,1.146727624861656
2019-09-18,1.231703326523123,1.1432145892249255
2019-09-19,1.2355936772091336,1.1488386435672964
2019-09-20,1.239910441358333,1.1512385050676104
2019-09-23,1.2437050483783079,1.1529266943992476
2019-09-24,1.2354039270226531,1.1451066883471013
2019-09-25,1.2295610368899743,1.1400127284787707
2019-09-26,1.229872825770973,1.1408115039417437
2019-09-27,1.221825377012698,1.1348715275600556
2019-09-30,1.2179410442439436,1.133210116538445
2019-10-01,1.210857918488834,1.1270664397060335
2019-10-02,1.1982680149445317,1.1124094458450917
2019-10-03,1.2075152914842187,1.1217505658760576
2019-10-04,1.218266866543731,1.1327993794667255
2019-10-07,1.210478063233476,1.1271948587998313
2019-10-08,1.2006167653703401,1.1186839176331136
2019-10-09,1.20620833049656,1.1245704815982704
2019-10-10,1.2088654448411156,1.1274376353915785
2019-10-11,1.2184456559975756,1.1384652285518038
2019-10-14,1.2150101463908902,1.1339264905284976
2019-10-15,1.2148671170509657,1.134065451048163
2019-10-16,1.2180262349379938,1.138505636427479
2019-10-17,1.2232172624125515,1.1426045966113059
2019-10-18,1.2218573151102605,1.1407628786706898
2019-10-21,1.2206032813150103,1.1389816638297523
2019-10-22,1.2245264084659642,1.1415636605418058
2019-10-23,1.2340120516936492,1.1518835835718324
2019-10-24,1.238421007070696,1.156057910776803
2019-10-25,1.242141241812461,1.1582671573784982
2019-10-28,1.237970141670306,1.1556764510920907
2019-10-29,1.234381370922959,1.152562837113177
2019-10-30,1.238654128730548,1.155145043592227
2019-10-31,1.2371690195939904,1.153900555046968
2019-11-01,1.2549870291673955,1.1721668164023278
2019-11-04,1.2594421873597599,1.1751890840545376
2019-11-05,1.2591286239063042,1.1742822235424297
2019-11-06,1.2584004898556287,1.1714886818999455
2019-11-07,1.2541880589190924,1.1670687885053108
2019-11-08,1.255578116109142,1.1684801631790345
2019-11-11,1.2509346929647447,1.1635793486586294
2019-11-12,1.2525646858014694,1.1643986354590754
2019-11-13,1.2555816215765991,1.1667338219479502
2019-11-14,1.2578492051718337,1.1690665492795267
2019-11-15,1.2639898550097766,1.174926447498464
2019-11-18,1.2614497853041584,1.1711904669013478
2019-11-19,1.255448918014629,1.1663308322494936
2019-11-20,1.2647358826008313,1.1738489851755187
2019-11-21,1.2685976506215235,1.1779579221382455
2019-11-22,1.268468922978645,1.177867906466662
2019-11-25,1.2754587762162257,1.1844915833179726
2019-11-26,1.2796301177862162,1.1889452565167777
2019-11-27,1.2777017399086772,1.1870043015679115
2019-11-29,1.2596591396477965,1.1699432992387446
2019-12-02,1.2539790029773215,1.1656613478595366
2019-12-03,1.2628037025342516,1.170265213549531
2019-12-04,1.274369742643944,1.1811258824180975
2019-12-05,1.2738876366742653,1.180702564361135
2019-12-06,1.2799373748332092,1.1873603528591217
2019-12-09,1.2780738436411143,1.1851780348450014
2019-12-10,1.2802108614332128,1.1868402885519231
2019-12-11,1.2853919505210096,1.1906885586794929
2019-12-12,1.2880884350912731,1.1942531303413448
2019-12-13,1.2964534680333153,1.2035604483499074
2019-12-16,1.3030023791375982,1.210563191540701
2019-12-17,1.30549329023395,1.2139061563760547
2019-12-18,1.3037517480610081,1.2120059228932045
2019-12-19,1.3075810211389671,1.2156411557550353
2019-12-20,1.3075841154463612,1.2154142068112677
2019-12-23,1.3068484265293288,1.216601522007467
2019-12-24,1.3111901452392636,1.220555571437753
2019-12-26,1.3194188926186978,1.229475245417818
2019-12-27,1.3213672122950157,1.2309398014040824
2019-12-30,1.3173438178540133,1.2259572898905562
2019-12-31,1.314931589232896,1.2210555917028518
2020-01-02,1.3275597919229594,1.2342697209614355
2020-01-03,1.333381406501736,1.240617838438873
2020-01-06,1.3329131619094727,1.240131259399262
2020-01-07,1.329301583257156,1.2347684343664176
2020-01-08,1.319739906721729,1.226769096931627
2020-01-09,1.3203544356972508,1.2273778855847746
2020-01-10,1.3224481901591212,1.228580826965972
2020-01-13,1.3206165059486068,1.2274066048837384
2020-01-14,1.3233107407328137,1.231130719883246
2020-01-15,1.3228881931169947,1.2299874111960063
2020-01-16,1.3266473306744044,1.233037037876382
2020-01-17,1.3286901043810964,1.2347849065734393
2020-01-21,1.3251494307349154,1.2324420936039613
2020-01-22,1.3178460645739232,1.225800622215491
2020-01-23,1.3136007190722259,1.2225404809201867
2020-01-24,1.3048315160661963,1.2119062788657626
2020-01-27,1.2867406083229527,1.1930911454599438
2020-01-28,1.2938052712230275,1.2013622465678215
2020-01-29,1.2952040477997318,1.2019480916380705
2020-01-30,1.2920810327642076,1.1975438457292433
2020-01-31,1.279967766951293,1.1855182959423476
2020-02-03,1.2732651842988911,1.1771696142933032
2020-02-04,1.2777807058429425,1.1829098951158716
2020-02-05,1.2878336698194233,1.1946169132330355
2020-02-06,1.2936459010707424,1.1977722390284065
2020-02-07,1.2899114458451548,1.195270419823433
2020-02-10,1.2909026391439844,1.1944100259629906
2020-02-11,1.293022293593734,1.1980888817430253
2020-02-12,1.3042785608087937,1.2097692643538036
2020-02-13,1.3056258234385185,1.208986168157276
2020-02-14,1.3099407559704555,1.2138827120005198
2020-02-18,1.313053798974923,1.215726421200224
2020-02-19,1.3219281753555472,1.2241526234190565
2020-02-20,1.323144108511595,1.2230013784622538
2020-02-21,1.3176978848988128,1.2177040294994044
2020-02-24,1.2885218436059187,1.187977766151926
2020-02-25,1.2644393307421922,1.1653465555985325
2020-02-26,1.256462724281419,1.157356984927692
2020-02-27,1.2217330723821844,1.127519296268929
2020-02-28,1.2121779762572453,1.1222706772050546
2020-03-02,1.2455283374784323,1.1538550466393855
2020-03-03,1.247368918590762,1.1509048890450437
2020-03-04,1.2650754477943214,1.1715140821288212
2020-03-05,1.2421156186208167,1.1505310845015326
2020-03-06,1.2146606686650474,1.1264742757111215
2020-03-09,1.0896564433723088,1.0208665799986953
2020-03-10,1.1187617767205085,1.0441769681686641
2020-03-11,1.0591838978847865,0.9873200725012806
2020-03-12,0.9622320600887531,0.8888021737050696
2020-03-13,1.0219767989437536,0.9394768553875206
2020-03-16,0.9355056456214953,0.867251595653192
2020-03-17,0.9216437885445224,0.8594233632700871
2020-03-18,0.8350739339348703,0.7858820018597399
2020-03-19,0.8824959011796957,0.8215219952532471
2020-03-20,0.8835862785480173,0.8203554954148709
2020-03-23,0.8983593094108392,0.8341735855668417
2020-03-24,0.9484024579801835,0.8823239390076285
2020-03-25,0.9718566715807845,0.9049490346427328
2020-03-26,0.9875229788835693,0.9262396540673035
2020-03-27,0.9568735469786411,0.9090880268227868
2020-03-30,0.9505486849525826,0.9044501606099052
2020-03-31,0.9409359815175714,0.8962540216081315
2020-04-01,0.9265342755691706,0.86923574591973
2020-04-02,0.9769768769572302,0.9038177250948674
2020-04-03,1.0041812538353059,0.9202963890968757
2020-04-06,1.0268419655730612,0.9458736287819433
2020-04-07,1.016362452216564,0.9425611871385452
2020-04-08,1.0372475275854398,0.9593791955433599
2020-04-09,1.042396823227507,0.9692625422512167
2020-04-13,1.0328097618532932,0.9630511743818321
2020-04-14,1.0352498801756642,0.9657246214080245
2020-04-15,1.014841520578825,0.9472190429896032
2020-04-16,1.0102378450551237,0.9484791263710421
2020-04-17,1.013019974427053,0.9565283454406996
2020-04-20,0.9813247524901216,0.9310267367310163
2020-04-21,0.918468590010971,0.8798029778428459
2020-04-22,0.9118407137545904,0.8988057508091053
2020-04-23,0.9227587678067269,0.910983374865358
2020-04-24,0.9226662348313187,0.913882899275352
2020-04-27,0.8983706174500373,0.8999239003337745
2020-04-28,0.8979981385237338,0.9023831950062697
2020-04-29,0.920059548067152,0.9237652067454989
2020-04-30,0.9220553704518321,0.92857558201463
2020-05-01,0.9074887855355958,0.9167474972771412
2020-05-04,0.9187537364179095,0.9261547936445579
2020-05-05,0.9402481808196361,0.9474330269597699
2020-05-06,0.9268687947359655,0.9315568448061181
2020-05-07,0.9348348737829881,0.9426220909703348
2020-05-08,0.9507117414540421,0.9576958933449161
2020-05-11,0.9434937532820038,0.9492543330351022
2020-05-12,0.9353532876686437,0.9410696484992884
2020-05-13,0.9254959492568862,0.9313515757617963
2020-05-14,0.9381066502364601,0.9470845784299459
2020-05-15,0.9494463422231606,0.9540423655682724
2020-05-18,0.9829464219047401,0.9839283035588421
2020-05-19,0.9799732287057341,0.9795314725083403
2020-05-20,0.9986246544346873,0.9991935267649986
2020-05-21,1.0033085493493643,0.9938914764508175
2020-05-22,0.9953838227422797,0.9889203214540521
2020-05-26,1.003553671249303,0.9992143115968978
2020-05-27,1.0054708705752966,1.0029402789923338
2020-05-28,1.0060756316517458,1.0043424734553728
2020-05-29,1.0179844210600255,1.017884470299736
2020-06-01,1.0268830191831368,1.0258570862748908
2020-06-02,1.0372424281390462,1.0379426528263087
2020-06-03,1.0431219090309152,1.0434639037918185
2020-06-04,1.0410406929397091,1.040340219312162
2020-06-05,1.0631804041095796,1.0644588884453619
2020-06-08,1.0685479197173011,1.066754562456376
2020-06-09,1.0651801324619248,1.0644593025310856
2020-06-10,1.0704238838459743,1.0746696126341255
2020-06-11,1.022699955922281,1.0243845382982786
2020-06-12,1.0303543267983115,1.034728011055766
2020-06-15,1.0385273151492764,1.0442584944877769
2020-06-16,1.0501780806921885,1.0563744370018484
2020-06-17,1.0464821792387942,1.0530771623083937
2020-06-18,1.0538590446649192,1.0599707591680416
2020-06-19,1.056787749163376,1.0597284607122783
2020-06-22,1.0674257958078122,1.0710233576070691
2020-06-23,1.068668771678501,1.0722911670866464
2020-06-24,1.0426621717325324,1.0464735524245419
2020-06-25,1.0540941045626007,1.0569402243579833
2020-06-26,1.0398071012405452,1.0406175775816535
2020-06-29,1.0569603844761086,1.0588613510641116
2020-06-30,1.0610461922991974,1.0648169251765436
2020-07-01,1.06724778871915,1.0726822327294772
2020-07-02,1.076940302639267,1.0828510155012736
2020-07-06,1.0906841272914278,1.0969438071680493
2020-07-07,1.0855284141625339,1.0916917377485194
2020-07-08,1.093524180133282,1.1008100545940527
2020-07-09,1.0877746725414175,1.0952753225736909
2020-07-10,1.0948407693071076,1.1040574835210595
2020-07-13,1.0857706194708623,1.0917564856205955
2020-07-14,1.0957887187589375,1.1030939900696577
2020-07-15,1.1061979723777071,1.1129021076675167
2020-07-16,1.1029158875632232,1.1097117910820022
2020-07-17,1.1067021817977831,1.1118993757095654
2020-07-20,1.1120822606769336,1.118097817185486
2020-07-21,1.1214220491474531,1.127970870049632
2020-07-22,1.1280958709827174,1.1308651655878124
2020-07-23,1.1218297262089594,1.1255519803982343
2020-07-24,1.118955590392562,1.122360299704557
2020-07-27,1.1284593410205381,1.1295415321729136
2020-07-28,1.1232275799856761,1.1237347457457076
2020-07-29,1.1348280663633017,1.1359306444417765
2020-07-30,1.1253492082263066,1.1249040224789213
2020-07-31,1.1295416273654997,1.1286649884774766
2020-08-03,1.1417658541675828,1.140006349631101
2020-08-04,1.1529495025373875,1.1480057185550063
2020-08-05,1.1606835332794807,1.1558817947065574
2020-08-06,1.165071920933025,1.158278939715887
2020-08-07,1.1565525960267922,1.1489280114172713
2020-08-10,1.1591017551412193,1.1520489142249477
2020-08-11,1.1457225489005023,1.1420762744040995
2020-08-12,1.1599777946371492,1.1548596786954022
2020-08-13,1.1584002154849848,1.150680813013274
2020-08-14,1.155175732988446,1.1479480433396125
2020-08-17,1.1664442218746176,1.1607868050495294
2020-08-18,1.1704482153549634,1.163216357564753
2020-08-19,1.1644805698767433,1.1588564671349848
2020-08-20,1.1641763427949876,1.1589118400154566
2020-08-21,1.1643372711361553,1.1582871037408617
2020-08-24,1.1724762704054335,1.1672597797565811
2020-08-25,1.1790963843908369,1.173456649634926
2020-08-26,1.1847203925468415,1.1791967989690464
2020-08-27,1.1788093529461452,1.1701832189355688
2020-08-28,1.1868996894593913,1.1800003072507286
2020-08-31,1.187417954563296,1.1790967672620312
2020-09-01,1.1943962466184885,1.1873906853470362
2020-09-02,1.1954051331998623,1.1861263977041785
2020-09-03,1.1732563390528545,1.1643474857819107
2020-09-04,1.1583349471495645,1.1494566125883312
2020-09-08,1.1305983031130258,1.122198900948133
2020-09-09,1.1464179596453208,1.1390987838530404
2020-09-10,1.1338783761987505,1.125261069500261
2020-09-11,1.1394722700441986,1.1324188481814172
2020-09-14,1.1452967281010937,1.1372434617290488
2020-09-15,1.1551237224445152,1.144796931583798
2020-09-16,1.1630413686643788,1.152944017924985
2020-09-17,1.1654981543628626,1.1564088459337174
2020-09-18,1.159180776536079,1.151019764067306
2020-09-21,1.1399570415699418,1.1317062715018762
2020-09-22,1.1410949982088576,1.132495153649081
2020-09-23,1.126535404379595,1.1174884701387355
2020-09-24,1.1321220634842444,1.121108165435949
2020-09-25,1.1366605927118716,1.1287176174374622
2020-09-28,1.1502523631488457,1.1423808095112915
2020-09-29,1.1403672740775457,1.1317814314058636
2020-09-30,1.14657056278747,1.1390966013901391
2020-10-01,1.1443107544597442,1.1357466985785998
2020-10-02,1.1298804155320168,1.1228798290043454
2020-10-05,1.1508356108882338,1.1433518057042953
2020-10-06,1.148575232221162,1.1412534586236527
2020-10-07,1.1587419988905698,1.1512160521678072
2020-10-08,1.1726351858188522,1.1644815980915018
2020-10-09,1.176227374308031,1.1709399127169393
2020-10-12,1.1783539306105992,1.1722510752066828
2020-10-13,1.1774382622893038,1.171312505503365
2020-10-14,1.179197567252317,1.1739088869555083
2020-10-15,1.177058531360908,1.172664658916791
2020-10-16,1.1747573764577695,1.1701367354817909
2020-10-19,1.1665480351078583,1.1608153021991787
2020-10-20,1.1723826003244755,1.1666960987045276
2020-10-21,1.162940556046984,1.159426315320784
2020-10-22,1.1661420742379176,1.1607447666652209
2020-10-23,1.164009438137914,1.161051828222537
2020-10-26,1.148866301773295,1.1453097142793345
2020-10-27,1.1544237160530635,1.1514486387976888
2020-10-28,1.120857618669252,1.1180642803272038
2020-10-29,1.1161700487890753,1.1134866423262335
2020-10-30,1.1054875686765089,1.104046255580405
2020-11-02,1.1240417421182838,1.1202188300220166
2020-11-03,1.136440721969725,1.1333993781615284
2020-11-04,1.1592547757285514,1.158344808705784
2020-11-05,1.1714927514490439,1.1709052255107997
2020-11-06,1.1621204057561385,1.1607885821537598
2020-11-09,1.177818913126103,1.1761031784404337
2020-11-10,1.1857228219500986,1.185962286921631
2020-11-11,1.1923966315959302,1.191164889465361
2020-11-12,1.186824084422421,1.1863836458844734
2020-11-13,1.190731860388997,1.1911851172072967
2020-11-16,1.20257510245671,1.2033841028801886
2020-11-17,1.2046360019782758,1.2063034224890543
2020-11-18,1.202175806004689,1.2034601878622067
2020-11-19,1.206458860748085,1.2081468786079563
2020-11-20,1.2098825853241257,1.212542816543592
2020-11-23,1.214208704260962,1.2176462202808511
2020-11-24,1.232517143865187,1.2357646559758577
2020-11-25,1.2370160103774512,1.2394442941595807
2020-11-27,1.2417261340663694,1.245364823094439
2020-11-30,1.2338845444320121,1.2380180532934901
2020-12-01,1.2361230168164328,1.2391263773350512
2020-12-02,1.2380116782838932,1.243097315709509
2020-12-03,1.2430235343113993,1.2473568917956994
2020-12-04,1.2472994844999707,1.250900820163358
2020-12-07,1.2471762205222767,1.2490320616487487
2020-12-08,1.2502769193276353,1.2523680448421306
2020-12-09,1.2422758165496093,1.2474940120195586
2020-12-10,1.25528841324123,1.2615837054196792
2020-12-11,1.2542759615721155,1.2601704815048338
2020-12-14,1.2546922273325674,1.2590746001478583
2020-12-15,1.2679998644225654,1.2720625557041874
2020-12-16,1.2722224293368867,1.2757271725495276
2020-12-17,1.281589575420412,1.28682371463265
2020-12-18,1.2820621996459638,1.2862811739948252
2020-12-21,1.272163098498007,1.2749995718748586
2020-12-22,1.2675167779593164,1.2706340988184004
2020-12-23,1.2762113937940303,1.2799974186346967
2020-12-24,1.2791476759640945,1.283989578138592
2020-12-28,1.279233086750841,1.2855704990982266
2020-12-29,1.2823043117994855,1.2880647091909678
2020-12-30,1.2884304851489659,1.2945226894516448
2020-12-31,1.294168235819105,1.3013799364087706
2021-01-04,1.2863382588063432,1.2932785751235305
2021-01-05,1.3059498986342999,1.3170734805752107
2021-01-06,1.3038674178750544,1.3152002286213216
2021-01-07,1.3133676604978524,1.321411468285141
2021-01-08,1.3199689635952896,1.3316879661143193
2021-01-11,1.3101128346017223,1.3187713753231727
2021-01-12,1.3218423824151087,1.3330125904898633
2021-01-13,1.3261415531480174,1.3347503095976976
2021-01-14,1.3313481842250317,1.340233905445309
2021-01-15,1.319545070702742,1.3270580259509772
2021-01-19,1.330641566727173,1.3371981153906318
2021-01-20,1.3400582411965165,1.3473204129182006
2021-01-21,1.340011476993972,1.3458457896824558
2021-01-22,1.3295442017238919,1.3340451665416055
2021-01-25,1.3396836123578362,1.3471993609731079
2021-01-26,1.3374231767107405,1.3462592155678592
2021-01-27,1.3216840196726702,1.3284371525620533
2021-01-28,1.325678657016247,1.3311533419078538
2021-01-29,1.312330341891855,1.318158805492573
2021-02-01,1.3348739315916462,1.3381329739578205
2021-02-02,1.3457796733307745,1.3484144777403848
2021-02-03,1.3508792359763393,1.353452715784982
2021-02-04,1.358712493775052,1.360484800557741
2021-02-05,1.3653730481480468,1.367373761742123
2021-02-08,1.3795234480065137,1.3829183030637995
2021-02-09,1.3828991027085495,1.3861978836550464
2021-02-10,1.3841653689412106,1.3852903471610756
2021-02-11,1.3826677857830647,1.3863623915776666
2021-02-12,1.3908944180339093,1.3954097883472978
2021-02-16,1.3901017218802376,1.395421894736005
2021-02-17,1.392877913643916,1.4000374595486715
2021-02-18,1.3801085055544082,1.389521654159551
2021-02-19,1.374329938632861,1.3833766986068552
2021-02-22,1.379291036539152,1.3855552831723292
2021-02-23,1.3822166535341591,1.3899730998149178
2021-02-24,1.393261483349128,1.4008851832009896
2021-02-25,1.3590031281854922,1.3662348116781982
2021-02-26,1.3582664413214922,1.3632166474338279
2021-03-01,1.3663673577564386,1.370865140981739
2021-03-02,1.3619775893085033,1.3683035393100127
2021-03-03,1.3559168011563023,1.3591870181109438
2021-03-04,1.3522341602897816,1.354730519692322
2021-03-05,1.3705927848374844,1.3763468370531455
2021-03-08,1.3515990786337078,1.3545958498080493
2021-03-09,1.3684685535426533,1.370351743141701
2021-03-10,1.3808213345664149,1.3799281305537292
2021-03-11,1.3967176129712926,1.3982003827080334
2021-03-12,1.383960258551492,1.383979222497835
2021-03-15,1.3891228693015525,1.3893418595142915
2021-03-16,1.387804414074027,1.386818094198133
2021-03-17,1.38977773430433,1.3886587388243778
2021-03-18,1.3463445216477132,1.3438527337453279
2021-03-19,1.359670176446443,1.3594482089948867
2021-03-22,1.3654570949288611,1.3647267312527678
2021-03-23,1.343589750714861,1.3428007596710003
2021-03-24,1.3548432851291194,1.3550499533823066
2021-03-25,1.3481661074643552,1.3461563056872459
2021-03-26,1.3702954575941062,1.3697187690698271
2021-03-29,1.3658780474480159,1.366345201806904
2021-03-30,1.3570947248405274,1.3562752294627176
2021-03-31,1.3593071039170934,1.3590722496026093
2021-04-01,1.3811153802814782,1.3792188805357988
2021-04-05,1.3730907597232744,1.3732366136066523
2021-04-06,1.37909890788823,1.3796408373967644
2021-04-07,1.3787584434234057,1.3792003671627273
2021-04-08,1.388074192108112,1.3913769442782984
2021-04-09,1.3858785615190476,1.3897668855864123
2021-04-12,1.3846131436175266,1.385304462581208
2021-04-13,1.397354129624709,1.3997044566390224
2021-04-14,1.4089263331216981,1.4113045644413393
2021-04-15,1.425558944440917,1.4294023527860376
2021-04-16,1.4249603496300685,1.4279318672869583
2021-04-19,1.4209047853178967,1.4245623852440794
2021-04-20,1.413318664755941,1.418412335212181
2021-04-21,1.417501425697899,1.4224516518811778
2021-04-22,1.4184637299521892,1.4243293657625482
2021-04-23,1.4295552870674963,1.4362324491800114
2021-04-26,1.4337229120956656,1.4421748774814218
2021-04-27,1.4368743634479644,1.4435118896842674
2021-04-28,1.4418125314893573,1.4491443132540078
2021-04-29,1.4462042532969828,1.4551098543746672
2021-04-30,1.4348689726980441,1.4466696500916199
2021-05-03,1.4459647466581302,1.4548881070849826
2021-05-04,1.448538479092902,1.4593079826770696
2021-05-05,1.4574762538770036,1.4658071965881285
2021-05-06,1.46336963360311,1.4732044764830252
2021-05-07,1.471700555337266,1.482760630529781
2021-05-10,1.46010015439397,1.4722181130745124
2021-05-11,1.4558613304511752,1.4671650648461043
2021-05-12,1.4370098852370254,1.4476849009925343
2021-05-13,1.4316214893720318,1.440540251526637
2021-05-14,1.4522501133459362,1.4593001179846812
2021-05-17,1.4589559195380868,1.4663874450429573
2021-05-18,1.4527326341311269,1.4588645593263834
2021-05-19,1.4321197559777241,1.4378741890361622
2021-05-20,1.4357572344095906,1.4428785876614518
2021-05-21,1.4446863837174575,1.4497868081662346
2021-05-24,1.4618282123988477,1.4673795676999681
2021-05-25,1.4651297145412725,1.4680447566508281
2021-05-26,1.4673892658663537,1.4693836011884627
2021-05-27,1.4723383265416592,1.4781560798587294
2021-05-28,1.4744709125119821,1.4790696872346616
2021-06-01,1.4876749350163103,1.492123631493168
2021-06-02,1.4939832833646585,1.4964542611766873
2021-06-03,1.4827272512200627,1.4839662044439779
2021-06-04,1.5016942095534784,1.503908391230854
2021-06-07,1.4997806892470484,1.5002462069581397
2021-06-08,1.5064637736404847,1.5086983602235096
2021-06-09,1.5039888425473307,1.5072412403478108
2021-06-10,1.5160853194908128,1.5175564472844785
2021-06-11,1.5164233161563898,1.5190177445801487
2021-06-14,1.513827369930299,1.5153925945762203
2021-06-15,1.5154770980526813,1.5156985373304344
2021-06-16,1.4979159157794226,1.498233679919487
2021-06-17,1.4905268059488137,1.4870138367563295
2021-06-18,1.4883766464843307,1.4865986033981016
2021-06-21,1.5003693748767069,1.4998138808556871
2021-06-22,1.5063593854957869,1.505307821872317
2021-06-23,1.5078625601130284,1.5065641182702196
2021-06-24,1.5131220909380019,1.5126893337806082
2021-06-25,1.5182993306589665,1.5146721556541207
2021-06-28,1.52182849043213,1.5173887812974731
2021-06-29,1.524248515363405,1.5212915665125009
2021-06-30,1.529214552774509,1.526106448185163
2021-07-01,1.5343055215868255,1.5336724316715207
2021-07-02,1.5442143890853959,1.543831091839001
2021-07-06,1.5337682496106158,1.5323201003464741
2021-07-07,1.5283024537845782,1.5269547174633091
2021-07-08,1.524041129651265,1.5229755373506464
2021-07-09,1.5386398674329569,1.5376437536348457
2021-07-12,1.5448412722921596,1.5413275490471814
2021-07-13,1.5460428972107991,1.5417122759028887
2021-07-14,1.5445612666658541,1.540755034221357
2021-07-15,1.5420209201374533,1.5374519123672283
2021-07-16,1.5359886555585336,1.5323778816151885
2021-07-19,1.5066426590613424,1.5031695979296447
2021-07-20,1.522779670463894,1.5188704404355784
2021-07-21,1.5391941895097372,1.5342605445228379
2021-07-22,1.5525241484373575,1.5468112708205963
2021-07-23,1.5607772051319873,1.5550982539784284
2021-07-26,1.567111151002447,1.561092966000019
2021-07-27,1.5597212497782575,1.5547051948554818
2021-07-28,1.570445432886288,1.5627069283176744
2021-07-29,1.5778751446312866,1.5734250111267023
2021-07-30,1.5710272224886814,1.5692557478014015
2021-08-02,1.565043445212353,1.5649254252601443
2021-08-03,1.570072465890821,1.567704471228775
2021-08-04,1.5546211539961026,1.5526688022867305
2021-08-05,1.559725078645941,1.5577757455410457
2021-08-06,1.5488145196042633,1.5444279274140584
2021-08-09,1.5363119172707507,1.5321223240748316
2021-08-10,1.5468382221628492,1.543302669467779
2021-08-11,1.5572763268995296,1.5511988137121797
2021-08-12,1.5561055167864903,1.5520422773077625
2021-08-13,1.5587566483705246,1.5556326297405874
2021-08-16,1.5572938742650806,1.5541676265069484
2021-08-17,1.5428314237746796,1.53838470181801
2021-08-18,1.5293243538762151,1.5254534572175875
2021-08-19,1.520453945512063,1.515679019752862
2021-08-20,1.5113025722082474,1.5067222826895776
2021-08-23,1.5406105467118545,1.537123045098807
2021-08-24,1.5564916088871161,1.551779455377824
2021-08-25,1.5592746179354395,1.5542832154277744
2021-08-26,1.5532835686356863,1.5476757409118387
2021-08-27,1.5773129305798097,1.5709547306772558
2021-08-30,1.5823713447115102,1.5750590535574278
2021-08-31,1.5749423959340154,1.5674246659583893
2021-09-01,1.5792424012028008,1.56837080372677
2021-09-02,1.5888215687514275,1.5803764953161334
2021-09-03,1.5881245798730903,1.579687550927297
2021-09-07,1.5768911528113267,1.5651426276537164
2021-09-08,1.5812789636475064,1.5716912419117774
2021-09-09,1.5810330201260743,1.5695673712857556
2021-09-10,1.5788295077362602,1.5696996858726542
2021-09-13,1.5882304110826688,1.5780147051366498
2021-09-14,1.5862034432622945,1.5776372147010123
2021-09-15,1.6015096357423397,1.5948701722557623
2021-09-16,1.593638780432109,1.5867317265504546
2021-09-17,1.5790459645561647,1.5709784418199415
2021-09-20,1.5600935399570435,1.5524979483572503
2021-09-21,1.5624855551316787,1.5524583691751672
2021-09-22,1.5761979093627667,1.5686837406405545
2021-09-23,1.584900101108484,1.5794043370948327
2021-09-24,1.5825372624493792,1.5772972120245683
2021-09-27,1.5918904536924725,1.5866414899160486
2021-09-28,1.5681191237766785,1.5602654369914009
2021-09-29,1.5651085072835924,1.5578490218781764
2021-09-30,1.565320230313862,1.5568643739926016
2021-10-01,1.5839086817264616,1.5755568121008245
2021-10-04,1.580785089925876,1.5761856446208784
2021-10-05,1.592845023679908,1.5886683905928403
2021-10-06,1.5818201159032281,1.5773553623062448
2021-10-07,1.5955563879368297,1.591225312378068
2021-10-08,1.5928952629768367,1.5897247780068644
2021-10-11,1.59000404038418,1.585864551765942
2021-10-12,1.5937238719946907,1.589624947477629
2021-10-13,1.6043553320378703,1.6021661337669106
2021-10-14,1.6232169661697384,1.6230160149649806
2021-10-15,1.6257927843043463,1.629961576710024
2021-10-18,1.6202518085998383,1.624298067966457
2021-10-19,1.6246468288545828,1.628649822458246
2021-10-20,1.6341386661645332,1.6389112558884993
2021-10-21,1.6268860186432796,1.627786544714457
2021-10-22,1.634697673292255,1.6365970089508308
2021-10-25,1.6445510890304333,1.6459628730292721
2021-10-26,1.6516201796118173,1.6512871546885033
2021-10-27,1.6451053459725704,1.6427207549094458
2021-10-28,1.6457904357142707,1.6478334586611891
2021-10-29,1.6399766874145991,1.6412299604518552
2021-11-01,1.644839923933389,1.6470770374324761
2021-11-02,1.6506451851533448,1.6519580945292116
2021-11-03,1.6413732931611076,1.6388233335670874
2021-11-04,1.6490041680174843,1.6420048711446118
2021-11-05,1.667796640255432,1.6592817943251497
2021-11-08,1.6730057578783137,1.6646045506775895
2021-11-09,1.6827866247328662,1.6740530386125296
2021-11-10,1.6591365337870996,1.647149438621987
2021-11-11,1.6637478831632226,1.65006128100364
2021-11-12,1.667589253486795,1.6534258657777334
2021-11-15,1.666362745265111,1.6499652310018635
2021-11-16,1.667904632883962,1.6503338848190907
2021-11-17,1.6636973132740436,1.6434894557879443
2021-11-18,1.6661674841804524,1.6474563632446604
2021-11-19,1.6534759733465125,1.635653382843223
2021-11-22,1.6401664236875897,1.6245743949968747
2021-11-23,1.645739094564383,1.6317501878521221
2021-11-24,1.647901813046188,1.6340361627792641
2021-11-26,1.5987760661643071,1.5831516419055518
2021-11-29,1.6022173688687305,1.5878591713314667
2021-11-30,1.572350407130728,1.559901196310457
2021-12-01,1.5548890622684943,1.5417119375024186
2021-12-02,1.5784523756159097,1.5642327182830276
2021-12-03,1.5757003774445983,1.5616917752567767
2021-12-06,1.592115796204611,1.5778321474584984
2021-12-07,1.615537930338609,1.6008778259573224
2021-12-08,1.6198565331779564,1.6064256090992377
2021-12-09,1.59858914197379,1.5863447653401699
2021-12-10,1.610953762267392,1.5986483180719477
2021-12-13,1.6042906283564065,1.5918311302569694
2021-12-14,1.5907659752245638,1.5784784489796735
2021-12-15,1.6040416230587329,1.5910376303600453
2021-12-16,1.60504103441584,1.5944741772042132
2021-12-17,1.5920214308506413,1.5813711760551425
2021-12-20,1.5742971542590294,1.5646019557745967
2021-12-21,1.6012757926765528,1.5936977094676061
2021-12-22,1.6200185111532366,1.6146794980193169
2021-12-23,1.6255758956691955,1.6215882342866883
2021-12-27,1.6475321252330346,1.6424023226536817
2021-12-28,1.6443733178650684,1.6391306111154895
2021-12-29,1.645484852344245,1.638682675514241
2021-12-30,1.650182157272454,1.6403413477659556
2021-12-31,1.6437087137923079,1.6328938609756691
2022-01-03,1.6395566209049226,1.62805458859511
2022-01-04,1.6427388636349334,1.6324406300131078
2022-01-05,1.617994739299689,1.6118694249930106
2022-01-06,1.6199318638511182,1.614408414786874
2022-01-07,1.6150024183194303,1.6118631349225883
2022-01-10,1.6106254446407258,1.6058910088200617
2022-01-11,1.6411295124836995,1.637334147627905
2022-01-12,1.6481535337424413,1.6458992470997564
2022-01-13,1.6323156145057671,1.6294612481923023
2022-01-14,1.6351978690322104,1.6331137609339788
2022-01-18,1.619066923393278,1.6167664818312202
2022-01-19,1.6177556144827154,1.6167086860168127
2022-01-20,1.6110894358001682,1.6097790943799948
2022-01-21,1.6061007977468829,1.6051775688367296
2022-01-24,1.6026692513878815,1.6002798050096008
2022-01-25,1.5990161609072615,1.5973521754476845
2022-01-26,1.5880956293393886,1.5883500303050289
2022-01-27,1.588538704639177,1.5941109197365657
2022-01-28,1.607321025950651,1.6127265491748626
2022-01-31,1.629262305971087,1.6336983206775693
2022-02-01,1.6322806637844571,1.6405518974658295
2022-02-02,1.6406288611427846,1.6496911603261466
2022-02-03,1.6182326822642716,1.6284901333354742
2022-02-04,1.6173438768780186,1.6301766336590795
2022-02-07,1.616178491591988,1.6281557514313056
2022-02-08,1.6143209330780373,1.6223140328166863
2022-02-09,1.6337306630110024,1.6440710058130639
2022-02-10,1.6046865634552459,1.6119960001543467
2022-02-11,1.6161733125677875,1.6246849185120102
2022-02-14,1.6096166566366632,1.6173786925709035
2022-02-15,1.6076069850791395,1.6149814032538232
2022-02-16,1.6103998470093845,1.6169864442735586
2022-02-17,1.6043128495821362,1.6103590341969507
2022-02-18,1.606416736135398,1.6112830292027778
2022-02-22,1.6051233125770288,1.6135155022049794
2022-02-23,1.5956395886631156,1.6009317173201147
2022-02-24,1.6041605426802945,1.6183006526989
2022-02-25,1.6124673869643358,1.6252680551932077
2022-02-28,1.6391208476124082,1.657416711940057
2022-03-01,1.6673830864934702,1.6958209953257128
2022-03-02,1.6790408172025624,1.7232882687442461
2022-03-03,1.6726398905779054,1.7197472401748983
2022-03-04,1.6956442620564853,1.7482164532211708
2022-03-07,1.6841519923098969,1.736455810433867
2022-03-08,1.696634016986552,1.76030190503946
2022-03-09,1.6647453113568025,1.700582327533343
2022-03-10,1.6459001667186275,1.6705522365242387
2022-03-11,1.652729708500085,1.6758604396824706
2022-03-14,1.6101328864231765,1.6251589377437106
2022-03-15,1.5973119797797073,1.6168694132222172
2022-03-16,1.6166639006201773,1.6358520167352333
2022-03-17,1.6658849771892925,1.6915902490970423
2022-03-18,1.6781558796454485,1.707818441303089
2022-03-21,1.6851134815513629,1.7211583501677576
2022-03-22,1.683737997247244,1.7199275229166
2022-03-23,1.7055260162444232,1.7483019756366112
2022-03-24,1.6990326042953756,1.7426690898122477
2022-03-25,1.6923887409293215,1.7351626539856109
2022-03-28,1.6654482891821212,1.7002047244913956
2022-03-29,1.6847309705805427,1.719790422099116
2022-03-30,1.696428939726316,1.7328367077526423
2022-03-31,1.6628991175645882,1.6936256799106364
2022-04-01,1.6611989436079138,1.6922266825459926
2022-04-04,1.683410440972654,1.7169359856473994
2022-04-05,1.6468130973106023,1.676343275707131
2022-04-06,1.6238149803975783,1.6506819734601788
2022-04-07,1.6238253653071046,1.6470932699832745
2022-04-08,1.626645639674139,1.6488784184585192
2022-04-11,1.6054980382241306,1.6204307127446802
2022-04-12,1.6245568776444614,1.645094588950019
2022-04-13,1.6465277706158374,1.6749623145938868
2022-04-14,1.636050068734233,1.6646504925765657
2022-04-18,1.6382672029845062,1.6702011534610297
2022-04-19,1.6168360191257494,1.6457070539765284
2022-04-20,1.6292605389488002,1.6600994433565972
2022-04-21,1.6194950921821296,1.6440903454268256
2022-04-22,1.5873435844390198,1.6111748815827045
2022-04-25,1.5861981126619173,1.6126472606820867
2022-04-26,1.5787547111418352,1.6059916666022855
2022-04-27,1.5780646623047296,1.6078376731729533
2022-04-28,1.6048313362929172,1.6348791611953368
2022-04-29,1.5678468659158058,1.596097072077304
2022-05-02,1.5591788521828844,1.5943884822400223
2022-05-03,1.5603796255719211,1.5903657567863914
2022-05-04,1.6090028589637078,1.6445285922244506
2022-05-05,1.5657776748876777,1.5962103313673537
2022-05-06,1.556474886257042,1.5830104067877517
2022-05-09,1.5050564913885145,1.525519965269751
2022-05-10,1.498949806008751,1.5260336609468248
2022-05-11,1.5212843599617645,1.5473487166588547
2022-05-12,1.5248210416410461,1.5501817110349416
2022-05-13,1.5536406972466719,1.5794257019515974
2022-05-16,1.5672028809894676,1.5952264307546808
2022-05-17,1.5665796824307499,1.593878627337542
2022-05-18,1.5402580334128952,1.5627151401744916
2022-05-19,1.5462051323231778,1.5743287742261889
2022-05-20,1.5540917271726893,1.5835086364095428
2022-05-23,1.5634785699969047,1.5942031143986166
2022-05-24,1.5663479899001411,1.597751441762068
2022-05-25,1.5785860614179779,1.6123112556752661
2022-05-26,1.603277217937128,1.636134781361135
2022-05-27,1.6269630859098012,1.6630804477143084
2022-05-31,1.6065929936421772,1.641675264236502
2022-06-01,1.596884912373148,1.6323264092838883
2022-06-02,1.6239289210757635,1.6653446161079095
2022-06-03,1.620939210534976,1.6595096101127804
2022-06-06,1.6136941710399872,1.6514328416451285
2022-06-07,1.6312618862343322,1.6686017712676269
2022-06-08,1.62365133928169,1.6598411140850953
2022-06-09,1.6028233286598177,1.6380817174571223
2022-06-10,1.5697849497872407,1.5981860920002005
2022-06-13,1.5111518449356265,1.5344331956085104
2022-06-14,1.4825415042221197,1.5065847990480172
2022-06-15,1.5102621971006505,1.5365124673484376
2022-06-16,1.4910023660090677,1.5199036529387115
2022-06-17,1.4756824422776351,1.4975745796785522
2022-06-21,1.4831132025471592,1.5069390474745294
2022-06-22,1.4775368722366298,1.5037654817483521
2022-06-23,1.4735332132491505,1.5005314079691554
2022-06-24,1.5025504657770803,1.5307315852677459
2022-06-27,1.4957635368813116,1.5224425985939019
2022-06-28,1.490382769572849,1.5176619889142677
2022-06-29,1.4865394365417475,1.5101949821399927
2022-06-30,1.4685413674322807,1.4913481730126195
2022-07-01,1.4941037221866176,1.5215868807861053
2022-07-05,1.4596944182997922,1.4780292080426367
2022-07-06,1.4439062128825735,1.4583055262266686
2022-07-07,1.4697531356590756,1.489927748702779
2022-07-08,1.4759122060539334,1.494638724108434
2022-07-11,1.4700708821981183,1.4902150767503277
2022-07-12,1.4393878735343808,1.4557213422023418
2022-07-13,1.4473832980636456,1.4636199641634338
2022-07-14,1.4334537086745192,1.45058579995258
2022-07-15,1.4576287208853194,1.4771821562573635
2022-07-18,1.469279255340006,1.487113428187752
2022-07-19,1.4882921129550448,1.5065312801551367
2022-07-20,1.4888106231182143,1.5075748259558035
2022-07-21,1.4984618903755225,1.5162030973408813
2022-07-22,1.499828822232582,1.5164640589520983
2022-07-25,1.5065004179453816,1.5244848779671343
2022-07-26,1.496122498157864,1.5158732581395116
2022-07-27,1.5343752736874006,1.5559041051469906
2022-07-28,1.5554677954278535,1.5751860443576648
2022-07-29,1.5729842681365813,1.5917107709145704
2022-08-01,1.5603150474128342,1.5744814246479892
2022-08-02,1.5350960747799256,1.544011355053761
2022-08-03,1.544960856698735,1.5559924316475615
2022-08-04,1.5425094840521951,1.5515345793067732
2022-08-05,1.5213032501227477,1.5279544355901244
2022-08-08,1.5406663160694436,1.5436129794340707
2022-08-09,1.5330933001655966,1.5416738693368375
2022-08-10,1.555830496703027,1.5687894764716794
2022-08-11,1.55944582828249,1.5738816828861457
2022-08-12,1.574345255422288,1.5893685134961237
2022-08-15,1.5649692135342441,1.5772692490985365
2022-08-16,1.5555919160569136,1.5687079735385585
2022-08-17,1.5443835210603911,1.5591612657770288
2022-08-18,1.557690580670281,1.5740279438790956
2022-08-19,1.5397916830440292,1.5550519312286337
2022-08-22,1.526073925194265,1.5412095374421984
2022-08-23,1.5378567389675037,1.5531866540362251
2022-08-24,1.5433485647139427,1.5590222110416558
2022-08-25,1.554320508366881,1.5711041612991739
2022-08-26,1.528122981485864,1.5467561061829365
2022-08-29,1.527860190906256,1.54582769913875
2022-08-30,1.5057156549325752,1.5191540632775653
2022-08-31,1.478750638804002,1.4896925147959272
2022-09-01,1.4556870941835085,1.4649321076922328
2022-09-02,1.458230921702376,1.4694235618726876
2022-09-06,1.4384533593509605,1.4455019760193926
2022-09-07,1.4409290513983193,1.4499747047222016
2022-09-08,1.4398682112136416,1.4502768038365752
2022-09-09,1.4689333271759408,1.4802916446927723
2022-09-12,1.482483693031055,1.4952626528033963
2022-09-13,1.4453796399057213,1.4545577127242328
2022-09-14,1.4548627203569255,1.4627836696127638
2022-09-15,1.42609353370923,1.4296149571037198
2022-09-16,1.4171336924459343,1.4194696176579136
2022-09-19,1.4174283994421284,1.423598210242836
2022-09-20,1.402180025973547,1.408159935442972
2022-09-21,1.3942790281200077,1.3991469939632641
2022-09-22,1.3727601717530136,1.3759145209733583
2022-09-23,1.3345007842093262,1.335680323263948
2022-09-26,1.2944404327908177,1.2945141037348697
2022-09-27,1.2911440651047463,1.2932084498765364
2022-09-28,1.3402582816483732,1.3469348565531745
2022-09-29,1.3122423041754996,1.3200918036795006
2022-09-30,1.293485074647413,1.2997852753705084
2022-10-03,1.3354348569118044,1.342738302310855
2022-10-04,1.3726927423452449,1.3853091009794714
2022-10-05,1.3687086840121938,1.3822960266888344
2022-10-06,1.36074648329165,1.372115454684874
2022-10-07,1.3472116708930253,1.3593515198248234
2022-10-10,1.3307839360332878,1.3394324350329123
2022-10-11,1.32071037933183,1.3289674314654258
2022-10-12,1.3164714214422502,1.3265344403889332
2022-10-13,1.3319189065160502,1.3474701231153932
2022-10-14,1.3037128887561893,1.3148946704561657
2022-10-17,1.3212084915851203,1.3335488796838058
2022-10-18,1.3205101393125698,1.3331267178041486
2022-10-19,1.3075785030441742,1.316167114110005
2022-10-20,1.3004058996299364,1.3073701475895165
2022-10-21,1.3184770528392415,1.3264527491527072
2022-10-24,1.3183876493068034,1.3283065765077389
2022-10-25,1.341019402191321,1.3539809418113213
2022-10-26,1.3517136043720295,1.3701110153337517
2022-10-27,1.3584132133950848,1.3750431755675594
2022-10-28,1.3605335942682957,1.3776881158414973
2022-10-31,1.350699460905838,1.3657677840703542
2022-11-01,1.3609665264454887,1.3746046058213586
2022-11-02,1.3480606446604013,1.3613733955027263
2022-11-03,1.3297379836877392,1.345016337472396
2022-11-04,1.3657291481118827,1.3819468378025155
2022-11-07,1.367741739448827,1.379759745920425
2022-11-08,1.3678870827339968,1.3800085846724122
2022-11-09,1.3426512653166054,1.352879652743873
2022-11-10,1.4076597740241092,1.4224912805324832
2022-11-11,1.424158499243352,1.442408472097975
2022-11-14,1.4022156803243262,1.417823280241986
2022-11-15,1.425135751311577,1.4442893440910447
2022-11-16,1.420187219965365,1.4407682939815707
2022-11-17,1.4007694163852475,1.4193873482348636
2022-11-18,1.3931601878686555,1.4116099097077137
2022-11-21,1.3942941022254534,1.4086868828606207
2022-11-22,1.4144700327820583,1.4316829006914429
2022-11-23,1.417159079597215,1.4352859479213218
2022-11-25,1.4148542896454062,1.429281254708434
2022-11-28,1.4012301220089862,1.411603806407251
2022-11-29,1.4042842879857618,1.4147813752079519
2022-11-30,1.4497483882415736,1.4624811996133775
2022-12-01,1.4652607525696264,1.4749182451982656
2022-12-02,1.4700257356708637,1.4754686674815898
2022-12-05,1.4303240593058555,1.4316530302472374
2022-12-06,1.4133420310781404,1.4135191053526668
2022-12-07,1.41819064557662,1.4193868632219753
2022-12-08,1.41670694671459,1.4192692224855723
2022-12-09,1.4031236309753823,1.4054588446580398
2022-12-12,1.4175039478747717,1.4212873052115127
2022-12-13,1.4401659542515313,1.449468685560404
2022-12-14,1.4431343836945965,1.4550758709241496
2022-12-15,1.422323971228857,1.434084104597578
2022-12-16,1.405171666038517,1.4131179303453638
2022-12-19,1.3959736829860485,1.4000670891796159
2022-12-20,1.3939795829168007,1.394507145684924
2022-12-21,1.4180109922082953,1.42141813512992
2022-12-22,1.4025722453682865,1.4056704893696674
2022-12-23,1.408816089507036,1.4145028211650919
2022-12-27,1.4001329234454702,1.4082967054124476
2022-12-28,1.3848247207660416,1.3916461298025125
2022-12-29,1.401581471647036,1.4079678753399036
2022-12-30,1.3974288900898695,1.4039109811733883
2023-01-03,1.3937398675467179,1.394616686400113
2023-01-04,1.3909351213812688,1.3912269875606234
2023-01-05,1.3837349441220927,1.3818912174823985
2023-01-06,1.4137131723797072,1.4163964446246657
2023-01-09,1.4243429201906361,1.42867592293932
2023-01-10,1.4202958454203023,1.4263869986068844
2023-01-11,1.4449593410695265,1.4559337039807332
2023-01-12,1.46593301238667,1.4791553579051464
2023-01-13,1.4666779413101063,1.481401325106207
2023-01-17,1.4675189929315742,1.483680195073608
2023-01-18,1.4637420608719387,1.4823738125643104
2023-01-19,1.4677622760032245,1.485855227952036
2023-01-20,1.47504375762555,1.4954520102468867
2023-01-23,1.4791213386064386,1.5016314266711939
2023-01-24,1.4815126432163257,1.5021810069649881
2023-01-25,1.4857904951976828,1.5048651543975298
2023-01-26,1.4933027149102418,1.5136743674104967
2023-01-27,1.485398430503563,1.5031760614321854
2023-01-30,1.4638495735173997,1.4792653184245235
2023-01-31,1.4842315064901956,1.5016647992651935
2023-02-01,1.4919937429169825,1.505682007712224
2023-02-02,1.4944323550936465,1.5056475113472914
2023-02-03,1.4576410526001264,1.466973634258343
2023-02-06,1.4499611331582498,1.457088505707822
2023-02-07,1.4685880180400863,1.4775645536804978
2023-02-08,1.4712188095978938,1.4782916146783571
2023-02-09,1.4560655599701438,1.463769145618947
2023-02-10,1.4604373101565817,1.4671884874692176
2023-02-13,1.4690722335894462,1.4769680350158165
2023-02-14,1.4654883927557358,1.4736783254139607
2023-02-15,1.4606897607955247,1.4645247758106292
2023-02-16,1.4470576751944788,1.448277061269794
2023-02-17,1.4425968148781763,1.4434825598290324
2023-02-21,1.4187435299807187,1.421281439368497
2023-02-22,1.411492828030965,1.4112718283014543
2023-02-23,1.4283503648999543,1.424925804428675
2023-02-24,1.4102972081703395,1.407712345917745
2023-02-27,1.414057407144847,1.4137117039456846
2023-02-28,1.4190367868233231,1.4155878849598447
2023-03-01,1.420929611179318,1.417560952924263
2023-03-02,1.4217024264005773,1.417748210467765
2023-03-03,1.4555423055125707,1.4509021787682117
2023-03-06,1.4476513915908404,1.4444322455059266
2023-03-07,1.4190582061503105,1.4135408980841966
2023-03-08,1.4122565798780353,1.408436739301641
2023-03-09,1.4007698847894756,1.394692409525291
2023-03-10,1.4166576580817696,1.4112963935934753
2023-03-13,1.4202479284224918,1.4155435518071184
2023-03-14,1.4098138216773042,1.4058784668379303
2023-03-15,1.4032253143836708,1.396982219447552
2023-03-16,1.4045024049444068,1.3998207213188263
2023-03-17,1.3975440915685327,1.3950902501264988
2023-03-20,1.4052273659281083,1.4017345002784616
2023-03-21,1.4173440448606272,1.4121876829377957
2023-03-22,1.4287941328661657,1.4228128225118428
2023-03-23,1.4316395320923114,1.4254218732060118
2023-03-24,1.4358737454551118,1.4303841831975788
2023-03-27,1.4382945800758271,1.432311109720689
2023-03-28,1.4425409740083546,1.4354962306017358
2023-03-29,1.4504675231151174,1.442745708711773
2023-03-30,1.4639801804168395,1.4549341025341909
2023-03-31,1.4862399336978567,1.4773056157635078
2023-04-03,1.5103810465228373,1.5033965692066076
2023-04-04,1.5134654040750013,1.5057212099128527
2023-04-05,1.5156372786611012,1.5079746679620702
2023-04-06,1.5185286117249484,1.5098368572289926
2023-04-10,1.5073491595487856,1.498100058969377
2023-04-11,1.518547630131871,1.5073225319988923
2023-04-12,1.5222637072374043,1.5135833462767982
2023-04-13,1.5271729588612424,1.5192969123036972
2023-04-14,1.519442566984551,1.5106546593546843
2023-04-17,1.5115941046557761,1.4997323093523223
2023-04-18,1.5157619095782136,1.5043792722856366
2023-04-19,1.5026919626873914,1.4912497659099895
2023-04-20,1.4982411137191236,1.485092632009888
2023-04-21,1.4982655658212416,1.483862590998199
2023-04-24,1.5107711398542707,1.4956639181293774
2023-04-25,1.5012597308638806,1.4831396437281141
2023-04-26,1.4825320910333486,1.4629781108317454
2023-04-27,1.4906908425448502,1.470318373642976
2023-04-28,1.5082134799355598,1.4893701886747415
2023-05-01,1.4856923696993194,1.4679640089838275
2023-05-02,1.4741314717737952,1.456598612319791
2023-05-03,1.466196377097909,1.446727441127744
2023-05-04,1.4660486539374114,1.4461907945957915
2023-05-05,1.48616006536216,1.4679465570369532
2023-05-08,1.4853099807992352,1.4682407396304549
2023-05-09,1.4850361348939456,1.4653080940108212
2023-05-10,1.4913046655154574,1.4726252186311122
2023-05-11,1.4856432673671687,1.465498265197864
2023-05-12,1.4710861544985796,1.4516975560570853
2023-05-15,1.4798517837468577,1.4620118299826061
2023-05-16,1.4661844436375346,1.4462469219882483
2023-05-17,1.4804518935791229,1.4604651124834283
2023-05-18,1.475899193760147,1.4528551672025276
2023-05-19,1.472305792604078,1.4484014691495468
2023-05-22,1.470061660555274,1.447212285848146
2023-05-23,1.4688777805580475,1.443613068840053
2023-05-24,1.4605970088044142,1.4370216652854941
2023-05-25,1.4468128538632439,1.4242575357654783
2023-05-26,1.4623776571916351,1.4414583122201117
2023-05-30,1.454866471787413,1.4324692898585862
2023-05-31,1.4462287764304131,1.426163927708098
2023-06-01,1.469773924120727,1.448723563789026
2023-06-02,1.4810787188267387,1.4620589964938693
2023-06-05,1.4799410839859766,1.4598015106945006
2023-06-06,1.4862095263066055,1.4660655274018295
2023-06-07,1.4782431336831723,1.458318127631324
2023-06-08,1.488797107697997,1.469400300375527
2023-06-09,1.481784084658919,1.4629696532044063
2023-06-12,1.4766042601616478,1.4581634291734467
2023-06-13,1.4839193701174778,1.467125718510153
2023-06-14,1.4876188065256313,1.4696141229761361
2023-06-15,1.5175098758763668,1.5048617481635842
2023-06-16,1.5177876449833918,1.506454536568056
2023-06-20,1.5089715578935121,1.49717406476501
2023-06-21,1.515091907828122,1.5066854541022106
2023-06-22,1.4940742968896403,1.4847844618374413
2023-06-23,1.4886292063972753,1.4767307781750074
2023-06-26,1.4915329103563895,1.479273417896542
2023-06-27,1.4856948422735197,1.4718913289465598
2023-06-28,1.4942193624953493,1.4771035857228894
2023-06-29,1.4856777204053886,1.4681295170287387
2023-06-30,1.5033243337291986,1.4861262830863198
2023-07-03,1.5045445999351905,1.4849850034891312
2023-07-05,1.4989422384850315,1.4816665415936041
2023-07-06,1.4783793616562853,1.4621762397506561
2023-07-07,1.486721152155703,1.4698364137350444
2023-07-10,1.493031895472949,1.4759779678683418
2023-07-11,1.5087649850923317,1.4913285217649364
2023-07-12,1.5354400579411862,1.5182899390128815
2023-07-13,1.5591785805371907,1.5444845038207928
2023-07-14,1.5417769662073775,1.5293778431498195
2023-07-17,1.5403230894553546,1.5262531243975854
2023-07-18,1.5548414110471882,1.5409695167985673
2023-07-19,1.5619505490891064,1.5506805932243894
2023-07-20,1.553579736574762,1.5427031635719166
2023-07-21,1.5585328428866443,1.5493841137570632
2023-07-24,1.5702189290145685,1.5634387246009227
2023-07-25,1.5733907268195058,1.565697671200324
2023-07-26,1.5757621398056225,1.5672293521853664
2023-07-27,1.5589010058574264,1.5512351041499755
2023-07-28,1.577788578518836,1.5687681442297912
2023-07-31,1.5857496363447836,1.576306771906686
2023-08-01,1.5673009790619354,1.5583010079883963
2023-08-02,1.5424467495661252,1.530569961070085
2023-08-03,1.5371436652195514,1.5247184977307826
2023-08-04,1.55378007508391,1.5396145065818343
2023-08-07,1.5598051534184723,1.5464967918250248
2023-08-08,1.5565666409354637,1.5448796685526818
2023-08-09,1.5582726585695899,1.5510663254991575
2023-08-10,1.544800664629637,1.5357118856907996
2023-08-11,1.5376805593993685,1.5276711404753283
2023-08-14,1.5334801763951107,1.5237278951543771
2023-08-15,1.512879660197194,1.4997656607465657
2023-08-16,1.497605701357617,1.4849926095936956
2023-08-17,1.4955477585263242,1.4826840185271783
2023-08-18,1.5033678186892345,1.4923319748496329
2023-08-21,1.5000783618200086,1.4870353740439652
2023-08-22,1.4987594742111514,1.4857947333821306
2023-08-23,1.5206782510276542,1.5089205469442406
2023-08-24,1.508228644768757,1.495482060401339
2023-08-25,1.5170714652553567,1.5091347953759007
2023-08-28,1.5265851454679409,1.5158906740054359
2023-08-29,1.5503752268983573,1.5386539176475227
2023-08-30,1.5526131214885783,1.5392171227602713
2023-08-31,1.558941518973156,1.5449471080307495
2023-09-01,1.5612712976573175,1.5471496536747642
2023-09-05,1.5528845623983705,1.5390742664569514
2023-09-06,1.5487302650978958,1.53479090875773
2023-09-07,1.5491377531239074,1.5364714336869436
2023-09-08,1.5525265361879836,1.5408666829010211
2023-09-11,1.5586617221678678,1.54966189011087
2023-09-12,1.562566794697554,1.550067949928521
2023-09-13,1.5640479378750358,1.5549838025797211
2023-09-14,1.575224006213798,1.5675521515801858
2023-09-15,1.5667706646763875,1.5551014049136715
2023-09-18,1.569151770072926,1.5569033678343356
2023-09-19,1.5641751749302586,1.5513473275037408
2023-09-20,1.5508151562245507,1.5375366796856262
2023-09-21,1.5270250968601264,1.5130322090780013
2023-09-22,1.5353680599767954,1.5206079284970493
2023-09-25,1.5208979757885985,1.5062444062149045
2023-09-26,1.508182048403883,1.4936548675798318
2023-09-27,1.511957587250304,1.497221268867614
2023-09-28,1.5191358405661917,1.505382223929635
2023-09-29,1.5087873669998249,1.4949903597344931
2023-10-02,1.488807587612352,1.4736741473194648
2023-10-03,1.468476051249833,1.4511547502406028
2023-10-04,1.463447092368017,1.4445288211594263
2023-10-05,1.4600882298705613,1.4391669036483625
2023-10-06,1.465414650703884,1.4447900841738843
2023-10-09,1.4966517363089857,1.477950432645383
2023-10-10,1.5006717693203961,1.4808926781270675
2023-10-11,1.5056893969965786,1.486133864898129
2023-10-12,1.4883191944775083,1.468705509222233
2023-10-13,1.5089865241447218,1.490452652934353
2023-10-16,1.5054228600737616,1.4854644030651551
2023-10-17,1.4980436726822335,1.4756857947244655
2023-10-18,1.486804182692914,1.4642768065092877
2023-10-19,1.4849884422653956,1.4606733758901158
2023-10-20,1.4782711259117327,1.4525187929801964
2023-10-23,1.4730588113080403,1.4487557370898556
2023-10-24,1.4752170058413765,1.4492145723716237
2023-10-25,1.463491871493354,1.4353526094460896
2023-10-26,1.462330267355987,1.433483587559712
2023-10-27,1.4677784689124975,1.439640927635724
2023-10-30,1.4615015375660128,1.4340534565518042
2023-10-31,1.4604768787801838,1.4327748204171602
2023-11-01,1.4809441862105786,1.4550325125952701
2023-11-02,1.5102081855147416,1.4856383745843742
2023-11-03,1.5242630552420777,1.4979507872898876
2023-11-06,1.515630044233895,1.491251589934115
2023-11-07,1.5064632508618543,1.4812425989268632
2023-11-08,1.5027926428077785,1.4780432369158483
2023-11-09,1.4841967756589498,1.4571447062748677
2023-11-10,1.4996453544287967,1.4737839938657855
2023-11-13,1.5082456144000378,1.4835192700353022
2023-11-14,1.540042474913927,1.5165028452079958
2023-11-15,1.5281578874164217,1.5042325354625457
2023-11-16,1.5188876572859689,1.4941714809225626
2023-11-17,1.5362275041825173,1.511524667892877
2023-11-20,1.551160765875547,1.528308205939463
2023-11-21,1.549625485584512,1.5293870596423687
2023-11-22,1.5489184403636498,1.5268827883559513
2023-11-24,1.5382443372699062,1.5149060959509777
2023-11-27,1.5394826649365845,1.5149857614593807
2023-11-28,1.556415683027415,1.5326069059745497
2023-11-29,1.5713464403631536,1.5466391375216877
2023-11-30,1.5603833647996048,1.532047572938817
2023-12-01,1.5734778583170812,1.5448296660802436
2023-12-04,1.556318159673389,1.5285660653837931
2023-12-05,1.5603348295909063,1.5331467302666195
2023-12-06,1.5445020346639398,1.5179663030667438
2023-12-07,1.5515341825624132,1.5254473432546853
2023-12-08,1.5541788567062802,1.5279665867733085
2023-12-11,1.554517901090102,1.5283592921680191
2023-12-12,1.5461742131040945,1.5211164826335999
2023-12-13,1.5848715960394388,1.5596706348215914
2023-12-14,1.6171537818381692,1.592964306544172
2023-12-15,1.611461412051547,1.5882032276738547
2023-12-18,1.6141176651586457,1.5929932183934892
2023-12-19,1.6279156226700036,1.6067658131072677
2023-12-20,1.6175592809473365,1.5959397455558941
2023-12-21,1.6293588441395137,1.6077805225697717
2023-12-22,1.626312468187366,1.6036781666727506
2023-12-26,1.6401990120295884,1.6195262757403663
2023-12-27,1.6466628931856213,1.6277028446521373
2023-12-28,1.6342142017230104,1.6134402822406673
2023-12-29,1.6244916106256349,1.6050581940800743
2024-01-02,1.6086115209969558,1.5850097021243001
2024-01-03,1.6149765944296937,1.5933853410700372
2024-01-04,1.6055895224329635,1.5831341933986083
2024-01-05,1.6093719170408718,1.5842390477152695
2024-01-08,1.6114766339174302,1.5874482710992743
2024-01-09,1.6137023859205426,1.590066241385785
2024-01-10,1.6096752481458918,1.5857360880574403
2024-01-11,1.6267901292371778,1.6025764162931
2024-01-12,1.637138792820232,1.6100807249688007
2024-01-16,1.612490671733263,1.5863874632331034
2024-01-17,1.602544081010732,1.5761274306938595
2024-01-18,1.6154795256793306,1.5885183262803146
2024-01-19,1.621703112331172,1.5962719100529053
2024-01-22,1.6286313051073837,1.6047646587921611
2024-01-23,1.6279975377988303,1.6044261325598592
2024-01-24,1.6334192790558681,1.6086724936415786
2024-01-25,1.650855656647291,1.6283299879718176
2024-01-26,1.6528927512239018,1.6330760303840144
2024-01-29,1.6599527300542969,1.6385647354915298
2024-01-30,1.6664161095716414,1.6451066840562583
2024-01-31,1.6578609471090116,1.636010730603569
2024-02-01,1.665362333191668,1.6444499055135982
2024-02-02,1.6429498842150456,1.621983358135049
2024-02-05,1.630702844595977,1.6088724551078977
2024-02-06,1.6473296061422436,1.625523274179385
2024-02-07,1.6507258598541765,1.6301362610219532
2024-02-08,1.6595248639574405,1.6356761023751616
2024-02-09,1.663043732598974,1.6400101166457202
2024-02-12,1.665255586739598,1.6427306956174945
2024-02-13,1.6388494731235195,1.6139572764785106
2024-02-14,1.6482842391628316,1.623266854649606
2024-02-15,1.6647241483284108,1.6382665302977502
2024-02-16,1.661886079080305,1.6349210897797544
2024-02-20,1.6584293781520083,1.6306173414628329
2024-02-21,1.6631052573766572,1.6293411077630269
2024-02-22,1.6767595682207064,1.645445744733505
2024-02-23,1.6743752193618564,1.6423656215562854
2024-02-26,1.6756485901396334,1.64337269602076
2024-02-27,1.6815181310534864,1.6479674027617375
2024-02-28,1.6803683143834165,1.6451007068928927
2024-02-29,1.6867787078339038,1.6526471294576985
2024-03-01,1.712074938723117,1.6758945706306523
2024-03-04,1.7080605863335803,1.6685057875672669
2024-03-05,1.7064016438144678,1.6664284406954104
2024-03-06,1.7210482706265298,1.6800128702254702
2024-03-07,1.7287189554208298,1.693164692060703
2024-03-08,1.7222535514651942,1.6859928968640459
2024-03-11,1.7209377732964537,1.6857398555916927
2024-03-12,1.7241041925963336,1.6886230926416936
2024-03-13,1.728046881787979,1.6950338488298407
2024-03-14,1.7207345828667397,1.6835329218161714
2024-03-15,1.7216187265122243,1.6817095406410552
2024-03-18,1.7320934347978525,1.6922608764956206
2024-03-19,1.7397904395938162,1.6991581974384637
2024-03-20,1.750749083209576,1.707176988490667
2024-03-21,1.7531633166108151,1.7093932120873214
2024-03-22,1.757029916013623,1.7110826800667265
2024-03-25,1.759758654288069,1.7108840375969598
2024-03-26,1.756610816461392,1.705868401832611
2024-03-27,1.770628765107907,1.7186336120598027
2024-03-28,1.7775732421422343,1.7244661792705223
2024-04-01,1.7725477849573266,1.7141551064235703
2024-04-02,1.771372285739184,1.7150499678306614
2024-04-03,1.7774677849832563,1.7231230671119289
2024-04-04,1.7784831316779894,1.7253547736615593
2024-04-05,1.7798883929294431,1.725065663989551
2024-04-08,1.7804646552400407,1.7241510764680472
2024-04-09,1.7861648323221122,1.7277409786657505
2024-04-10,1.761170785896207,1.6997611119541052
2024-04-11,1.7628627192224602,1.7010592227428918
2024-04-12,1.7564224759053388,1.6934591360126787
2024-04-15,1.7430715152215182,1.677344162983128
2024-04-16,1.7263196421674687,1.6658768946379532
2024-04-17,1.7219774980897016,1.6590803946371067
2024-04-18,1.7209699627857198,1.653301193140097
2024-04-19,1.7233824449207942,1.6559666470392305
2024-04-22,1.7280412621143777,1.665854195974486
2024-04-23,1.7433172229459124,1.6819975531570892
2024-04-24,1.7403335616919449,1.673957065736191
2024-04-25,1.7340722232054215,1.6723976864763144
2024-04-26,1.7451501709472952,1.6830426252032766
2024-04-29,1.7453579304587714,1.6895340919934083
2024-04-30,1.7123313244964984,1.6593540918271787
2024-05-01,1.6989150723595734,1.649311854054574
2024-05-02,1.7150173752508313,1.6679370615550215
2024-05-03,1.7342749756653728,1.6859179649647278
2024-05-06,1.7455591413979639,1.7004769913261963
2024-05-07,1.7510488786217977,1.7029670836626059
2024-05-08,1.7490680665484182,1.6988425137596823
2024-05-09,1.76329256198049,1.7118006042666871
2024-05-10,1.7566672453774064,1.7047994308499423
2024-05-13,1.7549468071295105,1.71031966525581
2024-05-14,1.7620539678955494,1.7145133504416976
2024-05-15,1.7890936752830957,1.7398403373101623
2024-05-16,1.78342974414577,1.738644327032245
2024-05-17,1.7900238988844794,1.7437788903095053
2024-05-20,1.79149018146995,1.7456896963565727
2024-05-21,1.794026044168112,1.7469313768825603
2024-05-22,1.781998074572499,1.7335745046880326
2024-05-23,1.769166423235906,1.7188354125690322
2024-05-24,1.7806932877229757,1.7302589530121655
2024-05-28,1.7915990032406168,1.7367879559956474
2024-05-29,1.771209918999025,1.7130396138053032
2024-05-30,1.7701690840253592,1.7097252981852054
2024-05-31,1.775042857357264,1.7178842395884137
2024-06-03,1.7752423277945988,1.7172321535065396
2024-06-04,1.7715132435212655,1.7155585160077578
2024-06-05,1.7934752930997044,1.7355821859457135
2024-06-06,1.805306516840746,1.7464894345042918
2024-06-07,1.780115882293314,1.7170820061581629
2024-06-10,1.7906052585241883,1.7302556970696699
2024-06-11,1.7994703177485138,1.7347086517654573
2024-06-12,1.8185585158465833,1.7532016213841357
2024-06-13,1.8218842274633462,1.7590261660552486
2024-06-14,1.822766343029324,1.75953791190201
2024-06-17,1.827527136520729,1.7648460013267877
2024-06-18,1.8438300676461523,1.7804923313542693
2024-06-20,1.841760498453598,1.7777919369639998
2024-06-21,1.8302854657695866,1.7667755219576267
2024-06-24,1.8357476741282592,1.7754699811907104
2024-06-25,1.8308362429690666,1.7702903100578207
2024-06-26,1.8199212017474606,1.7617297587115885
2024-06-27,1.8281265763686227,1.7727747961987232
2024-06-28,1.8187373008583,1.7577108387312899
2024-07-01,1.8183133459442293,1.75858061791059
2024-07-02,1.8284564090874835,1.770003976638104
2024-07-03,1.847076103990651,1.7878308753343168
2024-07-05,1.8622437027839414,1.8037297785426463
2024-07-08,1.8556278055035447,1.7935203085249316
2024-07-09,1.8526000495052695,1.786841567135223
2024-07-10,1.8653252589892557,1.7988984729228592
2024-07-11,1.8788743194579027,1.8080244365803824
2024-07-12,1.8850383911166577,1.8162166198916991
2024-07-15,1.875948890638511,1.804454148482546
2024-07-16,1.8831799605565187,1.812986108146454
2024-07-17,1.8771968182279175,1.8071695990122325
2024-07-18,1.8618705181874942,1.788871705092545
2024-07-19,1.8379983035321001,1.768241950934163
2024-07-22,1.8498228302493445,1.7787960259951556
2024-07-23,1.8415385664692558,1.770020947039644
2024-07-24,1.81733837312995,1.7461539884037411
2024-07-25,1.815946379781949,1.7493168773732801
2024-07-26,1.8256240904864451,1.758102398250014
2024-07-29,1.8203659047374752,1.7537558153201906
2024-07-30,1.8192863568957787,1.750663902938211
2024-07-31,1.8598575284407073,1.7927065589981799
2024-08-01,1.8357912428112118,1.771588720931428
2024-08-02,1.8203525413781374,1.7612556692107593
2024-08-05,1.7972021892228007,1.7360725463278683
2024-08-06,1.7894453155726642,1.727674268999036
2024-08-07,1.7966162333436886,1.7298924518260026
2024-08-08,1.8164882760595333,1.7490616008715216
2024-08-09,1.8327723763831587,1.7635181749880295
2024-08-12,1.849441500047912,1.781317694835718
2024-08-13,1.861942816892394,1.7939325527894128
2024-08-14,1.8597286374044808,1.795624701385748
2024-08-15,1.8731259501231188,1.806208845056259
2024-08-16,1.8754444727890742,1.8064848424879738
2024-08-19,1.8809965389634191,1.8123108416865366
2024-08-20,1.8828662369860136,1.8132292927473515
2024-08-21,1.8859751742748687,1.815437824372782
2024-08-22,1.873923094387781,1.8030193006377535
2024-08-23,1.909360182177985,1.837529244937346
2024-08-26,1.918615923740412,1.8436583211914046
2024-08-27,1.9147703427922018,1.8412990135238472
2024-08-28,1.9016517438194116,1.826312987637173
2024-08-29,1.9074368520653437,1.8328681973606207
2024-08-30,1.8949972662433467,1.8243277361969754
2024-09-03,1.8647501129723245,1.79796437004998
2024-09-04,1.8575196953310094,1.7944368269189905
2024-09-05,1.8653905517506553,1.7990884463787158
2024-09-06,1.8426266893346124,1.7760286916651067
2024-09-09,1.8607773109058634,1.7919301782830053
2024-09-10,1.8538975390011743,1.7860592601519851
2024-09-11,1.8716580854522347,1.8020928790381352
2024-09-12,1.8922225269644573,1.8217566286036553
2024-09-13,1.9052715271162581,1.831183167490583
2024-09-16,1.9216080362122587,1.845911128696177
2024-09-17,1.9245980727009102,1.849209534570566
2024-09-18,1.9092517284470816,1.8344385241185948
2024-09-19,1.9430737497354318,1.8668076914547778
2024-09-20,1.9398772558660555,1.861794258889336
2024-09-23,1.9443978457000797,1.8651037661803853
2024-09-24,1.965671394761441,1.8856546432490815
2024-09-25,1.9447896981930888,1.8659168304310265
2024-09-26,1.9439911438855555,1.8668310059136042
2024-09-27,1.9558918466083937,1.8769188395918863
2024-09-30,1.9455068412115495,1.8710182377758018
2024-10-01,1.9552941385827927,1.8841902309510965
2024-10-02,1.9597593930266488,1.8895916819567395
2024-10-03,1.963085267115613,1.8903291308713923
2024-10-04,1.9596470529523815,1.886048917238239
2024-10-07,1.961182696050958,1.8872608410557739
2024-10-08,1.9465037830035865,1.8729253305957942
2024-10-09,1.942905696582691,1.8665109158284239
2024-10-10,1.9597775639420252,1.881503478392251
2024-10-11,1.967168940610291,1.887378127907872
2024-10-14,1.9588060671951424,1.8779559999648572
2024-10-15,1.9379226784065915,1.8576748233841136
2024-10-16,1.9399187223143448,1.8614704100795865
2024-10-17,1.9313764700690725,1.8518409350707081
2024-10-18,1.9331051840921567,1.8537913336421497
2024-10-21,1.9183926098527762,1.8400624167811095
2024-10-22,1.9289892316131707,1.8502728175827767
2024-10-23,1.9110194970177778,1.8350718676697808
2024-10-24,1.9123776190299562,1.8391123958560514
2024-10-25,1.9138793656278543,1.8393054480213848
2024-10-28,1.893942851057539,1.8185552188623677
2024-10-29,1.8961980710584498,1.8180432140882814
2024-10-30,1.9029064818949972,1.823181142167051
2024-10-31,1.8959205780480914,1.816619118456864
2024-11-01,1.882429898694469,1.803845393212177
2024-11-04,1.901751920174025,1.8237309199964191
2024-11-05,1.9178997895997656,1.8403033400649942
2024-11-06,1.915775528879851,1.834820392609616
2024-11-07,1.944681659097488,1.8629891025283447
2024-11-08,1.934255434783223,1.8532582188890567
2024-11-11,1.9179660961906602,1.8373664202024138
2024-11-12,1.8974728499229863,1.8171454632081483
2024-11-13,1.8940349554313682,1.812871418656518
2024-11-14,1.8932343242085954,1.8084519908557168
2024-11-15,1.8780905822882275,1.7967539791057523
2024-11-18,1.9010600417563115,1.8190320160501505
2024-11-19,1.9094012035946628,1.8269037669333834
2024-11-20,1.9085628507188934,1.826239951350663
2024-11-21,1.917223597052512,1.8343340667376093
2024-11-22,1.9296982396419249,1.8414324507571298
2024-11-25,1.9354807019553277,1.8508991680083464
2024-11-26,1.931611481881981,1.8468363953581701
2024-11-27,1.9353095794029347,1.8509743793414666
2024-11-29,1.950388726570232,1.8651709036632274
2024-12-02,1.9480715297257345,1.8618940301471951
2024-12-03,1.9590051635117667,1.8708299647932394
2024-12-04,1.9646486931687386,1.8756881928085056
2024-12-05,1.9644458083662755,1.8749934394135928
2024-12-06,1.9658608179053882,1.8748866581585544
2024-12-09,1.968718243285292,1.876131316324759
2024-12-10,1.9645339156429817,1.872000495184804
2024-12-11,1.9800172981078803,1.883513970464555
2024-12-12,1.9649456351354153,1.8691600243110267
2024-12-13,1.9608731126438044,1.8641483125443936
2024-12-16,1.9589887106974135,1.8609607393444056
2024-12-17,1.9527930132127704,1.854319977694627
2024-12-18,1.9097612067412677,1.8078207556845072
2024-12-19,1.8986948926907374,1.8000831359046348
2024-12-20,1.9166331069463256,1.8246636348975882
2024-12-23,1.9150112112132462,1.8170684734006397
2024-12-24,1.9309944945634785,1.8312980262153493
2024-12-26,1.9272774665319188,1.8313067736937745
2024-12-27,1.9166381132547246,1.8228720492607837
2024-12-30,1.9266834230826868,1.829419089409894
2024-12-31,1.9271832782711797,1.8282907947695157
2025-01-02,1.9367355323217328,1.8351646665213903
2025-01-03,1.943084606825353,1.8403089609321928
2025-01-06,1.9466781179699484,1.8457187515889142
2025-01-07,1.9386385104572759,1.8345456454747007
2025-01-08,1.9386872580796584,1.8351897914703263
2025-01-10,1.9363297247038846,1.8359750784450222
2025-01-13,1.9439214144554624,1.8407562655714522
2025-01-14,1.945366925673077,1.8420060421478774
2025-01-15,1.9925541931007849,1.8885545003328432
2025-01-16,1.9888514266275583,1.8866820760118117
2025-01-17,1.9939310946261033,1.892064983256032
2025-01-21,2.003890024341092,1.9027363747987645
2025-01-22,2.0029151644467102,1.899224876057553
2025-01-23,2.000768858841306,1.899493210882237
2025-01-24,2.0070637181883755,1.905014221637266
2025-01-27,1.9945999886713206,1.8939334397469563
2025-01-28,2.007761614067051,1.903435624568417
2025-01-29,2.002220744158586,1.8986683056845506
2025-01-30,2.0127562959734604,1.908832684956965
2025-01-31,2.0050527825141446,1.898709020677027
2025-02-03,2.0039527681223355,1.8986167046244955
2025-02-04,2.015576904750102,1.911419592902767
2025-02-05,2.025345342091741,1.9221815327873566
2025-02-06,2.0212082507250337,1.9199593192205895
2025-02-07,2.0087978296953337,1.9074779721983766
2025-02-10,2.029722906819773,1.9270757562911476
2025-02-11,2.031675993605431,1.9268216874137893
2025-02-12,2.0100493347613306,1.9057356777201426
2025-02-13,2.034953394032714,1.9332943388289514
2025-02-14,2.0390936249836846,1.9363764749161227
2025-02-18,2.0475033918388665,1.942949978723984
2025-02-19,2.0526259354997105,1.9487440973879324
2025-02-20,2.0541558983284895,1.9504184700323612
2025-02-21,2.0330605160993382,1.931952127047432
2025-02-24,2.029831076560423,1.9306497700405931
2025-02-25,2.0295645639446143,1.9314549143917872
2025-02-26,2.0329826592685754,1.9323074500750972
2025-02-27,2.020280271057197,1.916075846110022
2025-02-28,2.03528440924625,1.9313082818717444
2025-03-03,2.0206850809210555,1.918606620791732
2025-03-04,2.0095971936147863,1.907936148023009
2025-03-05,2.008692296750572,1.910358750500443
2025-03-06,1.9895989498923579,1.89145535014731
2025-03-07,1.9995413949525216,1.9025499473793137
2025-03-10,1.9796018491231866,1.8819129793849618
2025-03-11,1.9731550450234987,1.8744724403708464
2025-03-12,1.9800577338121053,1.878033218139182
2025-03-13,1.9706205113517816,1.8684619712098953
2025-03-14,1.9876757460418681,1.8862036691944815
2025-03-17,2.0032640442568006,1.9033002106402435
2025-03-18,1.9974799659365767,1.895404963458882
2025-03-19,2.0170294726581304,1.916426042962594
2025-03-20,2.019735020721564,1.9171462928997716
2025-03-21,2.0140487778621887,1.9091442167969392
2025-03-24,2.0228472165328637,1.9203123393932788
2025-03-25,2.029593166574119,1.9239054211645013
2025-03-26,2.0159904944254388,1.9085076744759444
2025-03-27,2.0168128826466036,1.9099023349867903
2025-03-28,2.0094233586786485,1.9019505302414692
2025-03-31,2.030242258755177,1.9216781169708868
2025-04-01,2.039579059904777,1.9307926270877696
2025-04-02,2.047776409810951,1.938107259048281
2025-04-03,1.987100756786587,1.8814785209190874
2025-04-04,1.892966889788912,1.7920352717548182
2025-04-07,1.8376772091146272,1.7449675599589245
2025-04-08,1.8017912402878367,1.7103170905551046
2025-04-09,1.9187299493453902,1.820152232189284
2025-04-10,1.851503517081467,1.7610623770395302
2025-04-11,1.8799361844668523,1.7871363287684463
2025-04-14,1.8986950119867805,1.8102058553126563
2025-04-15,1.9005082619608442,1.8114256548901306
2025-04-16,1.9028805898984489,1.814079145122305
2025-04-17,1.9187696149966513,1.8236783166701924
2025-04-21,1.886402829349853,1.7915866495815107
2025-04-22,1.9191424999085733,1.8210856998267155
2025-04-23,1.9306254692590932,1.8316582910189596
2025-04-24,1.9623626605431337,1.8652138546645924
2025-04-25,1.9763031396668067,1.8766601352900467
2025-04-28,1.9783021217454446,1.881371679454184
2025-04-29,1.9730087659096782,1.8788629653453572
2025-04-30,1.9575335451396676,1.8628241439186
2025-05-01,1.958342291294478,1.8648180160950962
2025-05-02,1.962951079784097,1.8731197163307043
2025-05-05,1.9491299686794392,1.8612630288771483
2025-05-06,1.9660970174827812,1.8723988884512202
2025-05-07,1.9611523593962814,1.8673338502620334
2025-05-08,1.9688963699089987,1.8719083289646414
2025-05-09,1.9816595228195513,1.8823815110276847
2025-05-12,1.9979628050858271,1.8996863815460632
2025-05-13,2.018158172262946,1.914757459980335
2025-05-14,2.0055451847373673,1.9046437797452078
2025-05-15,2.013950851031709,1.9150550078972717
2025-05-16,2.0225254572457416,1.9204643116345104
2025-05-19,2.027757611335145,1.9237325273056745
2025-05-20,2.0292133561405232,1.9264408346040776
2025-05-21,1.9984569490394313,1.8972673724687712
2025-05-22,1.9984368213887578,1.8974976531453873
2025-05-23,2.0028407786561564,1.9034694002499646
2025-05-27,2.0202820389306675,1.9219996592521345
2025-05-28,2.0081261661570937,1.9081808349933105
2025-05-29,2.0130588260444493,1.9162613642705504
2025-05-30,2.0162981065348786,1.9167905874890656
2025-06-02,2.0362137336155195,1.9334590652243744
2025-06-03,2.039173196569251,1.937531313015348
2025-06-04,2.0504395625120426,1.9491425546253665
2025-06-05,2.048026350194729,1.9449713367957318
2025-06-06,2.055700260999268,1.949044203430142
2025-06-09,2.063847531926279,1.9551790703648104
2025-06-10,2.064977083176859,1.9612076991988572
2025-06-11,2.08692701707142,1.9802571741931319
2025-06-12,2.0988037944888442,1.9919230003425068
2025-06-13,2.1105111468911817,1.9982744217523103
2025-06-16,2.109225837138404,2.0009426816215
2025-06-17,2.128662572818397,2.016792605338166
2025-06-18,2.1303854936518722,2.020114551709154
2025-06-20,2.1280262199972495,2.0208568498143054
2025-06-23,2.104513257915401,2.0016616667797114
2025-06-24,2.100427486599772,2.001117100561286
2025-06-25,2.0984834673861554,1.9988134685286312
2025-06-26,2.1163171027757155,2.015703961275982
2025-06-27,2.1173642818946896,2.01373598558773
2025-06-30,2.123850713848905,2.023773476698366
2025-07-01,2.1222506818549443,2.0259170120612433
2025-07-02,2.138528614767321,2.041450459442796
2025-07-03,2.1383582263363037,2.040167722821191
2025-07-07,2.128568601501723,2.02660572243217
2025-07-08,2.1321662952529667,2.0289080894646934
2025-07-09,2.1471918933129865,2.0433547529142473
2025-07-10,2.1397124811558643,2.038856529825596
2025-07-11,2.140864044383749,2.0370182406015687
2025-07-14,2.135193620944143,2.0302902891736636
2025-07-15,2.1207467865031813,2.0182696820241115
2025-07-16,2.132681695730616,2.029208460639402
2025-07-17,2.145513013473477,2.0406783432107836
2025-07-18,2.148511337551355,2.04574568134304
2025-07-21,2.1536072461915077,2.053208217189288
2025-07-22,2.157884699838562,2.0563488584190557
2025-07-23,2.16492473686193,2.061551111194751
2025-07-24,2.1669978093829347,2.0601832580665738
2025-07-25,2.1616124606008285,2.057512125196411
2025-07-28,2.1682522490471974,2.060890494067111
2025-07-29,2.1934835411867772,2.0820704887941797
2025-07-30,2.1846699537668512,2.0732119792323864
2025-07-31,2.1694545195806554,2.0586873925276343
2025-08-01,2.162324496832349,2.0539896850483577
2025-08-04,2.1733449961782867,2.066858877532413
2025-08-05,2.1671359011473674,2.058280765745471
2025-08-06,2.1662263684761824,2.0630181673748527
2025-08-07,2.1706997765017975,2.066414750219205
2025-08-08,2.1721696350706265,2.0669407601412173
2025-08-11,2.1755002960788845,2.068046064964101
2025-08-12,2.1800238026778285,2.0728763350789094
2025-08-13,2.1934482786101497,2.084445975363941
2025-08-14,2.189357567424998,2.078911902745745
2025-08-15,2.185016425351159,2.0746045205370813
2025-08-18,2.1860570550233422,2.0741950185319356
2025-08-19,2.1774717661231193,2.068036060431233
2025-08-20,2.1868407807903583,2.077787546158652
2025-08-21,2.185368369011681,2.0764323145189483
2025-08-22,2.2224071272158956,2.110894208010089
2025-08-25,2.2192014017458335,2.105770297381835
2025-08-26,2.2145829280552976,2.104407478352918
2025-08-27,2.224557445699928,2.110707375873766
2025-08-28,2.2352210279680684,2.122179691818815
2025-08-29,2.2275765904216946,2.115195397773489
2025-09-02,2.227895415086871,2.1155717603526747
2025-09-03,2.226379059509511,2.1185035774727963
2025-09-04,2.2347453863003186,2.128109337760395
2025-09-05,2.2371122144471536,2.132332886836537
2025-09-08,2.2553026307759434,2.15053853941127
2025-09-09,2.252075412846019,2.1469704899677136
2025-09-10,2.26817318902213,2.159836024467441
2025-09-11,2.272523566044094,2.1671574538531893
2025-09-12,2.2718870803392557,2.1666312928592353
2025-09-15,2.2920961990279825,2.1874684327886067
2025-09-16,2.300744805823081,2.1958375261986838
2025-09-17,2.2866325315594316,2.181376615737617
2025-09-18,2.2813689288967574,2.17519489646741
2025-09-19,2.276004730990184,2.1699042427436463
2025-09-22,2.2741211779098145,2.172620146137372
2025-09-23,2.286480406262187,2.1830475751687115
2025-09-24,2.2876860770289453,2.1801853004648866
2025-09-25,2.283704032045065,2.1756146993143894
2025-09-26,2.2918568502811167,2.183989875301151
2025-09-29,2.2865632120338097,2.1800575172199768
2025-09-30,2.2841633195117175,2.1816780369487914
2025-10-01,2.292866926079552,2.190693092125167
2025-10-02,2.284059841995716,2.185690471038611
2025-10-03,2.2859767525664845,2.1872223089364
2025-10-06,2.2963616142486694,2.1950473193570534
2025-10-07,2.29767940915875,2.19674562305734
2025-10-08,2.3079485803829853,2.207610702288344
2025-10-09,2.2908704627622907,2.1909732289652375
2025-10-10,2.247472957796387,2.1540831692607116
2025-10-13,2.2805045931778154,2.187006657028725
2025-10-14,2.273528723890683,2.1787712614452968
2025-10-15,2.2815634890464285,2.1874154942984116
2025-10-16,2.281208584149808,2.1894925612492417
2025-10-17,2.2778706966649622,2.188338310674293
2025-10-20,2.300485720847556,2.2099759041069524
2025-10-21,2.296679255729774,2.2065861161585953
2025-10-22,2.3112862249177275,2.215742862181191
2025-10-23,2.33144250704581,2.235019256980348
2025-10-24,2.3351774198703645,2.2401759687649303
2025-10-27,2.340171373181605,2.249818050846876
2025-10-28,2.328685043170617,2.241232468030078
2025-10-29,2.3193235373835432,2.235494788073037
2025-10-30,2.307448045522891,2.2204404665051425
2025-10-31,2.317096731593071,2.2287781440180123
2025-11-03,2.323267315859185,2.236322459207412
2025-11-04,2.3019282357047075,2.2143525532571675
2025-11-05,2.2942382488075115,2.207292004010618
2025-11-06,2.2888442351656906,2.206307139927921
2025-11-07,2.294283507934209,2.208478468219822
2025-11-10,2.3186095596226592,2.237217582318897
2025-11-11,2.3385578041238153,2.2568363441334127
2025-11-12,2.319582013381958,2.2410875940356
2025-11-13,2.294754122181163,2.214458383706175
2025-11-14,2.2981213151167847,2.2148892521118584
2025-11-17,2.286724461340013,2.2030906633149208
2025-11-18,2.287747986613352,2.204344967221492
2025-11-19,2.277412239787538,2.194159267637369
2025-11-20,2.256084738436588,2.170415296698473
2025-11-21,2.266558124010968,2.1807741213832337
2025-11-24,2.2901258617813567,2.2004495734799194
2025-11-25,2.2962715707423538,2.205993702725314
2025-11-26,2.320759066628623,2.2313867977388897
2025-11-28,2.3351592068045672,2.2441230582749383
2025-12-01,2.3222226468208502,2.2296067554991357
2025-12-02,2.319481231626932,2.229341381874278
2025-12-03,2.332025418999018,2.2442403452203505
2025-12-04,2.3356995729867855,2.2464166574254656
2025-12-05,2.340846158156384,2.2520592179694368
2025-12-08,2.318803629581505,2.2304279277979173
2025-12-09,2.3101861283946614,2.2208367302046597
2025-12-10,2.3333292935724437,2.2437771909819766
2025-12-11,2.3282510616859553,2.2431309499873047
2025-12-12,2.3055734149499574,2.2168805603857633
2025-12-15,2.2991014771534988,2.2119530574507507
2025-12-16,2.2835282402554364,2.1990632688834153
2025-12-17,2.2897495361961355,2.2012290816926905
2025-12-18,2.294813428685813,2.208663780475792
2025-12-19,2.308200413371039,2.221828764308046
2025-12-22,2.3266169739310976,2.2390411955437757
2025-12-23,2.3411044373226733,2.2539587846764815
2025-12-24,2.348281566923601,2.2593375135930223
2025-12-26,2.3448105335680793,2.257129546433982
2025-12-29,2.345556616755223,2.2541739940979455
2025-12-30,2.348600547486903,2.258488732340962
